-0.030000	14.845500
-0.029900	2.344030
-0.029800	4.297390
-0.029700	19.924299
-0.029600	14.454900
-0.029500	-1.953360
-0.029400	-3.516050
-0.029300	5.469410
-0.029200	10.548100
-0.029100	10.157500
-0.029000	4.688060
-0.028900	-5.078740
-0.028800	-5.078740
-0.028700	1.562690
-0.028600	1.953360
-0.028500	-1.172020
-0.028400	-1.562690
-0.028300	-3.906720
-0.028200	-3.906720
-0.028100	-5.078740
-0.028000	4.688060
-0.027900	7.422770
-0.027800	-4.297390
-0.027700	-14.454900
-0.027600	-4.297390
-0.027500	6.250750
-0.027400	9.766800
-0.027300	7.422770
-0.027200	0.390672
-0.027100	-7.813440
-0.027000	-6.641420
-0.026900	6.250750
-0.026800	17.580200
-0.026700	5.469410
-0.026600	-3.906720
-0.026500	4.297390
-0.026400	4.297390
-0.026300	6.641420
-0.026200	18.752300
-0.026100	17.580200
-0.026000	0.781344
-0.025900	-8.594780
-0.025800	-3.516050
-0.025700	1.562690
-0.025600	-8.204110
-0.025500	-15.236200
-0.025400	-6.641420
-0.025300	6.250750
-0.025200	1.953360
-0.025100	-3.516050
-0.025000	2.734700
-0.024900	12.501500
-0.024800	13.282800
-0.024700	5.860080
-0.024600	0.781344
-0.024500	1.172020
-0.024400	-7.813440
-0.024300	-8.985460
-0.024200	1.953360
-0.024100	6.250750
-0.024000	7.813440
-0.023900	2.344030
-0.023800	-1.172020
-0.023700	5.078740
-0.023600	7.813440
-0.023500	-4.688060
-0.023400	-4.297390
-0.023300	16.408199
-0.023200	21.487000
-0.023100	1.562690
-0.023000	-12.892200
-0.022900	-5.078740
-0.022800	10.157500
-0.022700	12.501500
-0.022600	8.985460
-0.022500	15.626900
-0.022400	16.408199
-0.022300	7.032100
-0.022200	6.250750
-0.022100	6.250750
-0.022000	1.953360
-0.021900	1.562690
-0.021800	4.688060
-0.021700	1.562690
-0.021600	0.781344
-0.021500	5.078740
-0.021400	-4.297390
-0.021300	-11.720200
-0.021200	1.562690
-0.021100	8.594780
-0.021000	-5.078740
-0.020900	-17.189600
-0.020800	-10.548100
-0.020700	1.172020
-0.020600	8.594780
-0.020500	12.110800
-0.020400	7.422770
-0.020300	-4.297390
-0.020200	-12.110800
-0.020100	-0.390672
-0.020000	10.548100
-0.019900	13.282800
-0.019800	12.110800
-0.019700	11.720200
-0.019600	10.938800
-0.019500	7.813440
-0.019400	-2.344030
-0.019300	-7.032100
-0.019200	0.781344
-0.019100	0.390672
-0.019000	-6.250750
-0.018900	1.953360
-0.018800	12.110800
-0.018700	9.376130
-0.018600	0.000000
-0.018500	-8.204110
-0.018400	-11.329500
-0.018300	-6.641420
-0.018200	-7.032100
-0.018100	-8.985460
-0.018000	-6.641420
-0.017900	-4.688060
-0.017800	3.125380
-0.017700	7.813440
-0.017600	5.078740
-0.017500	-2.734700
-0.017400	-7.032100
-0.017300	-5.860080
-0.017200	1.172020
-0.017100	7.813440
-0.017000	2.344030
-0.016900	-0.390672
-0.016800	4.688060
-0.016700	12.110800
-0.016600	10.938800
-0.016500	7.813440
-0.016400	6.641420
-0.016300	-0.781344
-0.016200	1.953360
-0.016100	7.422770
-0.016000	2.734700
-0.015900	8.594780
-0.015800	7.032100
-0.015700	-9.376130
-0.015600	-4.297390
-0.015500	13.673500
-0.015400	-0.781344
-0.015300	-14.845500
-0.015200	3.125380
-0.015100	10.938800
-0.015000	-3.125380
-0.014900	-8.985460
-0.014800	-6.250750
-0.014700	-1.953360
-0.014600	2.344030
-0.014500	-4.297390
-0.014400	-7.032100
-0.014300	-3.906720
-0.014200	-8.204110
-0.014100	-7.813440
-0.014000	1.953360
-0.013900	1.172020
-0.013800	-11.329500
-0.013700	-16.408199
-0.013600	-2.344030
-0.013500	7.813440
-0.013400	0.390672
-0.013300	-10.157500
-0.013200	-8.204110
-0.013100	2.734700
-0.013000	2.734700
-0.012900	-7.032100
-0.012800	-10.157500
-0.012700	-12.501500
-0.012600	-9.766800
-0.012500	-1.953360
-0.012400	-1.172020
-0.012300	-5.078740
-0.012200	-6.641420
-0.012100	-13.673500
-0.012000	-9.766800
-0.011900	-6.250750
-0.011800	-9.766800
-0.011700	-10.938800
-0.011600	-2.344030
-0.011500	-4.688060
-0.011400	-8.204110
-0.011300	7.032100
-0.011200	15.626900
-0.011100	3.906720
-0.011000	-14.064200
-0.010900	-16.408199
-0.010800	-6.641420
-0.010700	4.297390
-0.010600	3.516050
-0.010500	-3.125380
-0.010400	-10.938800
-0.010300	-12.892200
-0.010200	-7.813440
-0.010100	1.953360
-0.010000	-4.297390
-0.009900	-7.422770
-0.009800	7.422770
-0.009700	9.376130
-0.009600	1.953360
-0.009500	3.125380
-0.009400	0.390672
-0.009300	-2.344030
-0.009200	-6.250750
-0.009100	-8.594780
-0.009000	-10.548100
-0.008900	-5.469410
-0.008800	4.297390
-0.008700	11.720200
-0.008600	6.641420
-0.008500	-5.860080
-0.008400	-13.673500
-0.008300	-2.344030
-0.008200	17.189600
-0.008100	17.970900
-0.008000	7.813440
-0.007900	3.906720
-0.007800	-0.781344
-0.007700	-7.813440
-0.007600	-1.953360
-0.007500	2.344030
-0.007400	-3.906720
-0.007300	-2.344030
-0.007200	8.204110
-0.007100	9.766800
-0.007000	-1.562690
-0.006900	-3.906720
-0.006800	9.376130
-0.006700	9.766800
-0.006600	-7.813440
-0.006500	-20.705601
-0.006400	-18.752300
-0.006300	-8.204110
-0.006200	3.906720
-0.006100	6.250750
-0.006000	-0.390672
-0.005900	-6.641420
-0.005800	-8.204110
-0.005700	-5.469410
-0.005600	3.125380
-0.005500	4.688060
-0.005400	3.125380
-0.005300	2.734700
-0.005200	0.000000
-0.005100	-0.390672
-0.005000	-0.781344
-0.004900	-1.562690
-0.004800	3.906720
-0.004700	16.017599
-0.004600	14.845500
-0.004500	-1.953360
-0.004400	-12.110800
-0.004300	-1.953360
-0.004200	8.594780
-0.004100	-4.688060
-0.004000	-14.845500
-0.003900	-3.906720
-0.003800	-0.390672
-0.003700	-5.860080
-0.003600	-7.422770
-0.003500	-4.297390
-0.003400	-1.562690
-0.003300	-5.469410
-0.003200	-9.766800
-0.003100	-5.469410
-0.003000	-0.781344
-0.002900	-5.078740
-0.002800	-14.454900
-0.002700	-18.752300
-0.002600	-12.501500
-0.002500	-1.172020
-0.002400	-2.734700
-0.002300	-14.454900
-0.002200	-13.282800
-0.002100	-5.469410
-0.002000	-9.766800
-0.001900	-16.408199
-0.001800	-15.236200
-0.001700	-7.422770
-0.001600	-5.469410
-0.001500	-16.408199
-0.001400	-21.877600
-0.001300	-10.157500
-0.001200	4.688060
-0.001100	3.906720
-0.001000	-4.297390
-0.000900	-17.580200
-0.000800	-17.189600
-0.000700	-3.516050
-0.000600	-4.688060
-0.000500	-19.533600
-0.000400	-23.830999
-0.000300	-15.236200
-0.000200	-9.766800
-0.000100	-16.408199
0.000000	-14.845500
0.000100	5.078740
0.000200	9.376130
0.000300	-2.734700
0.000400	-13.673500
0.000500	-20.314899
0.000600	-10.938800
0.000700	9.376130
0.000800	18.752300
0.000900	14.454900
0.001000	4.297390
0.001100	-1.172020
0.001200	-3.906720
0.001300	-9.766800
0.001400	-11.329500
0.001500	-6.250750
0.001600	-2.344030
0.001700	-14.064200
0.001800	-10.938800
0.001900	0.000000
0.002000	-6.641420
0.002100	-17.970900
0.002200	-14.064200
0.002300	-7.813440
0.002400	-6.250750
0.002500	-10.938800
0.002600	-15.626900
0.002700	-14.064200
0.002800	-3.516050
0.002900	10.157500
0.003000	7.422770
0.003100	-7.813440
0.003200	-23.049601
0.003300	-21.487000
0.003400	-12.110800
0.003500	-8.985460
0.003600	-12.110800
0.003700	-11.329500
0.003800	-10.938800
0.003900	-14.845500
0.004000	-7.032100
0.004100	-3.125380
0.004200	-13.673500
0.004300	-11.720200
0.004400	-3.125380
0.004500	-7.422770
0.004600	-14.454900
0.004700	-9.766800
0.004800	-3.906720
0.004900	-7.813440
0.005000	-11.720200
0.005100	-15.236200
0.005200	-16.798901
0.005300	-6.641420
0.005400	-2.734700
0.005500	-9.766800
0.005600	2.344030
0.005700	8.204110
0.005800	-9.766800
0.005900	-16.017599
0.006000	0.000000
0.006100	0.000000
0.006200	-17.580200
0.006300	-32.425800
0.006400	-20.314899
0.006500	-5.469410
0.006600	-3.516050
0.006700	2.734700
0.006800	15.236200
0.006900	10.548100
0.007000	-0.781344
0.007100	2.344030
0.007200	2.734700
0.007300	-7.422770
0.007400	-17.580200
0.007500	-18.361601
0.007600	-19.924299
0.007700	-22.659000
0.007800	-19.533600
0.007900	-11.329500
0.008000	-4.297390
0.008100	-1.953360
0.008200	-9.766800
0.008300	-19.142900
0.008400	-20.314899
0.008500	-9.766800
0.008600	-2.734700
0.008700	-7.813440
0.008800	-17.580200
0.008900	-15.236200
0.009000	-8.594780
0.009100	-5.469410
0.009200	3.516050
0.009300	1.562690
0.009400	-5.860080
0.009500	-4.297390
0.009600	-7.422770
0.009700	-3.906720
0.009800	2.344030
0.009900	-2.344030
0.010000	-5.469410
0.010100	-4.297390
0.010200	-12.110800
0.010300	-12.892200
0.010400	-7.422770
0.010500	-7.813440
0.010600	-16.408199
0.010700	-15.626900
0.010800	-6.641420
0.010900	2.734700
0.011000	-2.344030
0.011100	-11.720200
0.011200	-16.798901
0.011300	-19.142900
0.011400	-19.142900
0.011500	-7.422770
0.011600	5.469410
0.011700	3.516050
0.011800	-15.236200
0.011900	-19.924299
0.012000	-5.469410
0.012100	3.125380
0.012200	-8.204110
0.012300	-13.282800
0.012400	-5.078740
0.012500	-9.766800
0.012600	-6.641420
0.012700	3.516050
0.012800	-6.250750
0.012900	-7.422770
0.013000	3.906720
0.013100	-0.781344
0.013200	-19.533600
0.013300	-15.236200
0.013400	-0.781344
0.013500	7.813440
0.013600	11.720200
0.013700	16.408199
0.013800	3.906720
0.013900	-4.297390
0.014000	7.032100
0.014100	7.813440
0.014200	-7.813440
0.014300	-11.720200
0.014400	-5.860080
0.014500	-7.422770
0.014600	-5.860080
0.014700	0.781344
0.014800	-12.892200
0.014900	-20.705601
0.015000	-12.892200
0.015100	-7.813440
0.015200	-6.641420
0.015300	-5.469410
0.015400	0.000000
0.015500	6.641420
0.015600	-4.688060
0.015700	-16.017599
0.015800	-10.938800
0.015900	-5.469410
0.016000	-5.078740
0.016100	-0.390672
0.016200	-6.641420
0.016300	-12.892200
0.016400	-5.469410
0.016500	-1.172020
0.016600	-11.720200
0.016700	-8.594780
0.016800	1.562690
0.016900	-3.516050
0.017000	-19.533600
0.017100	-21.487000
0.017200	-12.892200
0.017300	-9.376130
0.017400	-11.720200
0.017500	-13.282800
0.017600	-6.250750
0.017700	-1.953360
0.017800	-7.813440
0.017900	-16.017599
0.018000	-11.329500
0.018100	-1.953360
0.018200	-9.766800
0.018300	-10.548100
0.018400	-2.734700
0.018500	-4.297390
0.018600	-8.204110
0.018700	-8.594780
0.018800	-7.032100
0.018900	-14.454900
0.019000	-22.268299
0.019100	-23.049601
0.019200	-14.454900
0.019300	-3.906720
0.019400	-5.469410
0.019500	-14.845500
0.019600	-25.393700
0.019700	-22.268299
0.019800	-8.204110
0.019900	0.000000
0.020000	1.953360
0.020100	-4.297390
0.020200	-13.673500
0.020300	-14.845500
0.020400	-8.204110
0.020500	-10.548100
0.020600	-8.985460
0.020700	-5.860080
0.020800	-9.376130
0.020900	-8.204110
0.021000	-8.594780
0.021100	-15.626900
0.021200	-8.204110
0.021300	4.297390
0.021400	0.390672
0.021500	-1.562690
0.021600	-8.985460
0.021700	-13.282800
0.021800	0.000000
0.021900	4.688060
0.022000	-7.813440
0.022100	-7.813440
0.022200	-2.734700
0.022300	-0.781344
0.022400	8.985460
0.022500	8.594780
0.022600	-5.078740
0.022700	-11.329500
0.022800	-0.390672
0.022900	8.594780
0.023000	9.376130
0.023100	0.390672
0.023200	-3.516050
0.023300	1.172020
0.023400	-3.516050
0.023500	-1.172020
0.023600	8.594780
0.023700	8.204110
0.023800	-0.390672
0.023900	-4.688060
0.024000	-10.548100
0.024100	-18.361601
0.024200	-12.501500
0.024300	0.000000
0.024400	3.906720
0.024500	-3.125380
0.024600	-9.766800
0.024700	-3.906720
0.024800	-10.548100
0.024900	-24.612301
0.025000	-22.268299
0.025100	-19.533600
0.025200	-28.128401
0.025300	-29.300400
0.025400	-27.737700
0.025500	-23.440300
0.025600	-14.454900
0.025700	-7.032100
0.025800	-7.813440
0.025900	-5.469410
0.026000	0.390672
0.026100	6.641420
0.026200	8.985460
0.026300	2.734700
0.026400	-14.454900
0.026500	-12.501500
0.026600	4.688060
0.026700	-5.860080
0.026800	-17.189600
0.026900	-3.125380
0.027000	2.344030
0.027100	-8.985460
0.027200	-6.641420
0.027300	-2.734700
0.027400	-8.594780
0.027500	-8.985460
0.027600	-6.250750
0.027700	-7.422770
0.027800	-10.548100
0.027900	-15.236200
0.028000	-8.594780
0.028100	-0.781344
0.028200	0.390672
0.028300	3.516050
0.028400	1.953360
0.028500	-8.204110
0.028600	-8.594780
0.028700	2.344030
0.028800	12.501500
0.028900	12.110800
0.029000	-3.906720
0.029100	-15.236200
0.029200	-8.985460
0.029300	-4.297390
0.029400	-14.064200
0.029500	-13.282800
0.029600	-6.250750
0.029700	-10.548100
0.029800	-9.766800
0.029900	4.297390
0.030000	7.422770
0.030100	0.000000
0.030200	-3.906720
0.030300	-8.204110
0.030400	-10.157500
0.030500	-7.422770
0.030600	-7.813440
0.030700	-7.422770
0.030800	-1.953360
0.030900	-9.376130
0.031000	-17.580200
0.031100	-13.673500
0.031200	-0.390672
0.031300	-0.781344
0.031400	-9.376130
0.031500	-11.329500
0.031600	-12.501500
0.031700	-11.720200
0.031800	-6.641420
0.031900	0.781344
0.032000	2.734700
0.032100	2.344030
0.032200	7.032100
0.032300	-1.172020
0.032400	-11.329500
0.032500	-8.594780
0.032600	1.953360
0.032700	7.813440
0.032800	10.157500
0.032900	-0.390672
0.033000	-7.032100
0.033100	-2.734700
0.033200	7.422770
0.033300	14.454900
0.033400	10.548100
0.033500	3.516050
0.033600	-1.953360
0.033700	-6.641420
0.033800	-11.329500
0.033900	-2.734700
0.034000	-1.562690
0.034100	-10.938800
0.034200	-8.204110
0.034300	10.938800
0.034400	16.017599
0.034500	14.064200
0.034600	12.892200
0.034700	15.236200
0.034800	20.314899
0.034900	12.110800
0.035000	4.688060
0.035100	0.781344
0.035200	-2.344030
0.035300	-5.469410
0.035400	-7.032100
0.035500	-9.376130
0.035600	-10.938800
0.035700	-14.454900
0.035800	-16.017599
0.035900	-15.236200
0.036000	-12.110800
0.036100	-11.720200
0.036200	-14.845500
0.036300	-19.142900
0.036400	-16.408199
0.036500	-11.329500
0.036600	-14.845500
0.036700	-19.924299
0.036800	-19.924299
0.036900	-21.096300
0.037000	-17.189600
0.037100	-8.204110
0.037200	-18.361601
0.037300	-16.408199
0.037400	-10.157500
0.037500	-22.268299
0.037600	-26.565701
0.037700	-17.189600
0.037800	-12.501500
0.037900	-8.594780
0.038000	-3.516050
0.038100	-8.594780
0.038200	-17.189600
0.038300	-23.049601
0.038400	-24.221701
0.038500	-19.142900
0.038600	-18.752300
0.038700	-24.221701
0.038800	-24.612301
0.038900	-19.533600
0.039000	-8.985460
0.039100	-7.422770
0.039200	-10.548100
0.039300	-7.813440
0.039400	-14.454900
0.039500	-21.877600
0.039600	-16.798901
0.039700	-15.626900
0.039800	-23.440300
0.039900	-19.533600
0.040000	-8.985460
0.040100	-12.501500
0.040200	-20.705601
0.040300	-21.096300
0.040400	-13.282800
0.040500	-5.078740
0.040600	-12.892200
0.040700	-21.487000
0.040800	-13.282800
0.040900	-3.516050
0.041000	-0.781344
0.041100	4.297390
0.041200	13.282800
0.041300	15.236200
0.041400	1.562690
0.041500	-10.548100
0.041600	-2.344030
0.041700	7.032100
0.041800	3.906720
0.041900	-4.297390
0.042000	-1.953360
0.042100	5.078740
0.042200	1.562690
0.042300	-4.688060
0.042400	-0.390672
0.042500	16.017599
0.042600	27.737700
0.042700	19.142900
0.042800	6.641420
0.042900	9.376130
0.043000	22.659000
0.043100	26.565701
0.043200	14.064200
0.043300	7.422770
0.043400	10.938800
0.043500	13.673500
0.043600	5.469410
0.043700	7.422770
0.043800	14.064200
0.043900	3.516050
0.044000	-12.892200
0.044100	-4.688060
0.044200	3.906720
0.044300	-5.078740
0.044400	-5.860080
0.044500	5.469410
0.044600	6.250750
0.044700	5.469410
0.044800	4.297390
0.044900	-1.562690
0.045000	4.297390
0.045100	11.720200
0.045200	1.172020
0.045300	-5.469410
0.045400	-1.172020
0.045500	-2.734700
0.045600	-5.078740
0.045700	-5.078740
0.045800	2.344030
0.045900	7.813440
0.046000	-3.125380
0.046100	-5.078740
0.046200	5.078740
0.046300	4.297390
0.046400	1.172020
0.046500	3.516050
0.046600	8.204110
0.046700	1.172020
0.046800	-6.641420
0.046900	-7.032100
0.047000	-7.032100
0.047100	-14.064200
0.047200	-16.017599
0.047300	-7.032100
0.047400	4.688060
0.047500	2.344030
0.047600	-2.344030
0.047700	1.562690
0.047800	-0.781344
0.047900	-5.469410
0.048000	-6.641420
0.048100	-6.641420
0.048200	-5.860080
0.048300	-9.376130
0.048400	-6.641420
0.048500	9.766800
0.048600	7.422770
0.048700	-5.078740
0.048800	-4.688060
0.048900	-7.813440
0.049000	-23.440300
0.049100	-25.003000
0.049200	-19.533600
0.049300	-21.487000
0.049400	-13.673500
0.049500	-2.734700
0.049600	-3.516050
0.049700	-6.641420
0.049800	-10.157500
0.049900	-8.594780
0.050000	0.781344
0.050100	-1.172020
0.050200	-10.938800
0.050300	-5.860080
0.050400	-5.469410
0.050500	-11.329500
0.050600	-8.594780
0.050700	-0.390672
0.050800	9.376130
0.050900	14.064200
0.051000	13.282800
0.051100	2.734700
0.051200	1.172020
0.051300	3.906720
0.051400	5.078740
0.051500	14.845500
0.051600	22.268299
0.051700	19.924299
0.051800	14.454900
0.051900	24.221701
0.052000	34.379101
0.052100	38.676498
0.052200	40.629902
0.052300	43.755299
0.052400	50.396702
0.052500	57.038101
0.052600	56.256802
0.052700	54.303398
0.052800	61.726200
0.052900	71.492996
0.053000	73.055702
0.053100	65.242203
0.053200	66.023598
0.053300	76.962402
0.053400	80.478401
0.053500	81.259804
0.053600	80.087799
0.053700	85.166496
0.053800	100.792999
0.053900	106.653000
0.054000	103.137001
0.054100	110.950996
0.054200	118.764000
0.054300	128.921997
0.054400	144.938995
0.054500	145.330002
0.054600	135.173004
0.054700	134.391006
0.054800	142.985992
0.054900	158.222000
0.055000	164.863998
0.055100	164.863998
0.055200	174.630005
0.055300	178.537003
0.055400	169.160995
0.055500	173.457993
0.055600	182.052994
0.055700	174.240005
0.055800	177.755997
0.055900	189.475998
0.056000	190.257004
0.056100	187.522995
0.056200	194.945007
0.056300	207.447006
0.056400	214.479004
0.056500	210.182007
0.056600	216.432007
0.056700	232.449997
0.056800	246.904999
0.056900	246.904999
0.057000	236.746994
0.057100	238.309998
0.057200	250.029999
0.057300	265.265991
0.057400	278.940002
0.057500	283.627991
0.057600	275.032990
0.057700	265.657013
0.057800	268.782013
0.057900	293.003998
0.058000	307.850006
0.058100	302.770996
0.058200	301.989014
0.058300	316.834991
0.058400	330.118011
0.058500	325.039001
0.058600	310.975006
0.058700	310.584015
0.058800	334.806000
0.058900	348.088989
0.059000	344.182007
0.059100	353.166992
0.059200	371.528992
0.059300	377.389008
0.059400	368.403992
0.059500	370.356995
0.059600	384.812012
0.059700	396.140991
0.059800	391.843994
0.059900	389.109009
0.060000	403.563995
0.060100	414.502991
0.060200	418.799988
0.060300	427.394989
0.060400	439.897003
0.060500	449.662994
0.060600	453.179993
0.060700	445.756989
0.060800	440.286987
0.060900	443.803009
0.061000	450.834991
0.061100	458.257996
0.061200	472.321991
0.061300	476.229004
0.061400	470.368988
0.061500	479.744995
0.061600	500.059998
0.061700	503.967010
0.061800	497.716003
0.061900	506.701996
0.062000	519.593994
0.062100	525.844971
0.062200	530.533020
0.062300	530.142029
0.062400	529.361023
0.062500	537.955017
0.062600	537.565002
0.062700	533.267029
0.062800	536.783020
0.062900	547.330994
0.063000	558.661011
0.063100	560.614014
0.063200	563.739990
0.063300	571.552979
0.063400	575.068970
0.063500	573.116028
0.063600	576.241028
0.063700	587.570984
0.063800	599.291016
0.063900	601.635010
0.064000	591.867981
0.064100	609.838989
0.064200	637.185974
0.064300	633.278992
0.064400	624.294006
0.064500	625.075012
0.064600	619.606018
0.064700	614.526978
0.064800	632.106995
0.064900	652.031982
0.065000	645.781006
0.065100	634.841980
0.065200	636.405029
0.065300	648.515991
0.065400	659.844971
0.065500	667.268005
0.065600	660.236023
0.065700	662.580017
0.065800	675.080994
0.065900	682.895020
0.066000	683.676025
0.066100	675.862976
0.066200	671.174011
0.066300	682.895020
0.066400	688.755005
0.066500	687.973022
0.066600	694.614990
0.066700	691.098999
0.066800	686.020020
0.066900	686.801025
0.067000	692.270996
0.067100	693.442993
0.067200	704.382019
0.067300	714.148010
0.067400	716.882996
0.067500	716.492004
0.067600	710.242004
0.067700	712.195007
0.067800	723.525024
0.067900	718.835999
0.068000	715.320007
0.068100	726.258972
0.068200	731.729004
0.068300	727.431030
0.068400	726.650024
0.068500	731.338013
0.068600	730.166016
0.068700	721.961975
0.068800	729.775024
0.068900	755.950012
0.069000	762.591980
0.069100	743.448975
0.069200	743.448975
0.069300	755.559998
0.069400	742.666992
0.069500	736.416992
0.069600	749.309021
0.069700	750.090027
0.069800	741.885986
0.069900	747.745972
0.070000	744.620972
0.070100	736.807007
0.070200	736.807007
0.070300	743.838989
0.070400	752.434021
0.070500	748.528015
0.070600	740.322998
0.070700	745.793030
0.070800	752.044006
0.070900	740.713989
0.071000	736.026001
0.071100	746.573975
0.071200	753.606018
0.071300	752.434021
0.071400	751.653015
0.071500	750.481018
0.071600	752.825012
0.071700	760.638000
0.071800	765.325989
0.071900	763.372986
0.072000	753.606018
0.072100	749.309021
0.072200	748.137024
0.072300	757.122009
0.072400	765.716980
0.072500	768.060974
0.072600	770.405029
0.072700	765.716980
0.072800	759.466003
0.072900	760.247986
0.073000	770.015015
0.073100	781.343994
0.073200	780.953003
0.073300	780.562988
0.073400	787.203979
0.073500	781.734985
0.073600	770.405029
0.073700	774.703003
0.073800	779.781006
0.073900	787.984985
0.074000	793.455017
0.074100	791.111023
0.074200	780.171997
0.074300	775.093018
0.074400	778.218994
0.074500	775.093018
0.074600	777.437012
0.074700	782.906982
0.074800	792.283020
0.074900	797.362000
0.075000	795.408020
0.075100	795.018005
0.075200	794.627014
0.075300	787.984985
0.075400	790.719971
0.075500	795.018005
0.075600	791.111023
0.075700	791.892029
0.075800	795.408020
0.075900	791.111023
0.076000	790.328979
0.076100	784.468994
0.076200	779.390991
0.076300	782.906982
0.076400	787.984985
0.076500	795.799011
0.076600	796.190002
0.076700	785.250977
0.076800	782.515991
0.076900	785.640991
0.077000	782.125000
0.077100	778.609009
0.077200	773.140015
0.077300	777.046997
0.077400	777.437012
0.077500	772.359009
0.077600	769.624023
0.077700	773.140015
0.077800	773.921021
0.077900	770.405029
0.078000	763.372986
0.078100	754.388000
0.078200	745.012024
0.078300	742.666992
0.078400	751.653015
0.078500	755.559998
0.078600	743.057983
0.078700	727.041016
0.078800	731.729004
0.078900	734.854004
0.079000	728.213013
0.079100	723.914978
0.079200	722.742981
0.079300	718.054993
0.079400	717.273987
0.079500	724.306030
0.079600	728.994019
0.079700	719.617981
0.079800	698.911987
0.079900	682.112976
0.080000	681.331970
0.080100	688.755005
0.080200	690.708008
0.080300	684.848022
0.080400	678.206970
0.080500	678.987976
0.080600	676.643982
0.080700	673.908997
0.080800	677.034973
0.080900	674.299988
0.081000	669.612000
0.081100	665.314026
0.081200	656.719971
0.081300	654.765991
0.081400	662.969971
0.081500	655.156982
0.081600	639.138977
0.081700	631.325989
0.081800	630.934998
0.081900	637.185974
0.082000	635.232971
0.082100	621.559021
0.082200	611.010986
0.082300	616.870972
0.082400	623.513000
0.082500	616.479980
0.082600	609.447998
0.082700	610.229980
0.082800	610.619995
0.082900	596.947021
0.083000	583.273010
0.083100	582.492004
0.083200	591.867981
0.083300	591.086975
0.083400	580.148010
0.083500	571.161987
0.083600	575.851013
0.083700	579.757019
0.083800	577.804016
0.083900	572.724976
0.084000	557.489014
0.084100	547.721985
0.084200	545.768982
0.084300	541.080994
0.084400	543.815002
0.084500	546.940979
0.084600	545.768982
0.084700	540.299011
0.084800	530.533020
0.084900	525.453979
0.085000	519.984009
0.085100	512.171021
0.085200	516.078003
0.085300	522.718994
0.085400	518.031006
0.085500	510.608002
0.085600	505.139008
0.085700	500.842010
0.085800	502.795013
0.085900	513.734009
0.086000	510.217987
0.086100	488.339996
0.086200	480.135986
0.086300	485.214996
0.086400	488.730988
0.086500	491.075012
0.086600	494.980988
0.086700	498.106995
0.086800	490.292999
0.086900	482.480011
0.087000	479.744995
0.087100	481.699005
0.087200	481.308014
0.087300	477.010986
0.087400	468.415985
0.087500	466.852997
0.087600	470.368988
0.087700	473.885010
0.087800	475.447998
0.087900	468.024994
0.088000	466.071991
0.088100	468.806000
0.088200	464.899994
0.088300	459.821014
0.088400	456.696014
0.088500	455.523987
0.088600	460.212006
0.088700	455.132996
0.088800	446.928986
0.088900	446.928986
0.089000	454.742004
0.089100	463.727997
0.089200	468.024994
0.089300	460.212006
0.089400	449.662994
0.089500	455.132996
0.089600	454.742004
0.089700	440.678009
0.089800	435.209015
0.089900	448.101013
0.090000	455.523987
0.090100	456.304993
0.090200	457.476990
0.090300	450.445007
0.090400	440.678009
0.090500	441.069000
0.090600	446.928986
0.090700	436.770996
0.090800	430.911011
0.090900	445.365997
0.091000	465.290009
0.091100	462.556000
0.091200	448.881989
0.091300	444.194000
0.091400	446.147003
0.091500	447.319000
0.091600	441.069000
0.091700	435.209015
0.091800	435.989990
0.091900	431.302002
0.092000	432.473999
0.092100	442.240997
0.092200	445.365997
0.092300	445.365997
0.092400	451.226013
0.092500	458.648987
0.092600	455.523987
0.092700	441.850006
0.092800	439.506012
0.092900	450.053986
0.093000	444.194000
0.093100	436.381012
0.093200	443.412994
0.093300	453.179993
0.093400	456.304993
0.093500	456.696014
0.093600	447.319000
0.093700	439.506012
0.093800	442.240997
0.093900	443.803009
0.094000	428.566986
0.094100	427.003998
0.094200	444.584991
0.094300	441.850006
0.094400	432.083008
0.094500	442.631012
0.094600	446.928986
0.094700	432.473999
0.094800	423.488007
0.094900	432.473999
0.095000	447.319000
0.095100	446.147003
0.095200	440.678009
0.095300	435.598999
0.095400	433.255005
0.095500	439.114990
0.095600	444.584991
0.095700	438.725006
0.095800	430.520996
0.095900	428.177002
0.096000	433.645996
0.096100	432.083008
0.096200	424.660004
0.096300	421.535004
0.096400	427.786011
0.096500	428.958008
0.096600	411.768005
0.096700	400.048004
0.096800	403.174011
0.096900	409.033997
0.097000	410.205994
0.097100	410.205994
0.097200	398.876007
0.097300	394.579010
0.097400	411.768005
0.097500	425.441986
0.097600	417.627991
0.097700	402.782990
0.097800	394.968994
0.097900	395.359985
0.098000	396.532013
0.098100	391.062988
0.098200	391.062988
0.098300	398.484985
0.098400	394.187988
0.098500	392.625000
0.098600	392.625000
0.098700	381.687012
0.098800	369.966003
0.098900	372.700989
0.099000	379.342987
0.099100	379.733002
0.099200	374.264008
0.099300	364.888000
0.099400	364.888000
0.099500	361.761993
0.099600	344.182007
0.099700	335.196991
0.099800	343.010010
0.099900	340.665985
0.100000	343.401001
0.100100	347.697998
0.100200	339.885010
0.100300	335.196991
0.100400	338.321991
0.100500	336.759003
0.100600	335.587006
0.100700	332.071014
0.100800	325.039001
0.100900	318.787994
0.101000	314.490997
0.101100	307.459015
0.101200	302.770996
0.101300	300.036011
0.101400	293.785004
0.101500	289.488007
0.101600	288.707001
0.101700	286.363007
0.101800	281.283997
0.101900	278.549011
0.102000	274.252014
0.102100	269.954010
0.102200	270.345001
0.102300	260.968994
0.102400	245.733002
0.102500	238.701004
0.102600	240.263000
0.102700	244.561005
0.102800	246.514008
0.102900	240.654007
0.103000	235.184998
0.103100	230.886993
0.103200	216.822998
0.103300	205.884003
0.103400	208.619003
0.103500	214.479004
0.103600	208.619003
0.103700	200.024002
0.103800	201.587006
0.103900	202.759003
0.104000	187.522995
0.104100	171.895996
0.104200	171.895996
0.104300	176.192993
0.104400	166.425995
0.104500	160.565994
0.104600	157.440994
0.104700	153.143005
0.104800	155.487000
0.104900	155.097000
0.105000	138.298004
0.105100	128.921997
0.105200	132.438004
0.105300	139.078995
0.105400	139.078995
0.105500	136.735001
0.105600	124.624001
0.105700	104.699997
0.105800	92.979897
0.105900	87.119904
0.106000	86.729202
0.106100	97.667999
0.106200	101.964996
0.106300	93.761299
0.106400	85.557198
0.106500	75.399696
0.106600	55.475399
0.106700	54.694099
0.106800	61.335499
0.106900	52.349998
0.107000	35.941799
0.107100	34.769798
0.107200	33.207100
0.107300	25.784401
0.107400	15.236200
0.107500	14.454900
0.107600	14.454900
0.107700	17.970900
0.107800	14.064200
0.107900	-6.250750
0.108000	-17.189600
0.108100	-19.533600
0.108200	-24.221701
0.108300	-27.347000
0.108400	-25.784401
0.108500	-27.347000
0.108600	-33.988499
0.108700	-39.457901
0.108800	-47.661999
0.108900	-54.694099
0.109000	-57.428799
0.109100	-59.382099
0.109200	-58.600800
0.109300	-69.539597
0.109400	-91.026604
0.109500	-100.403000
0.109600	-91.807899
0.109700	-96.886703
0.109800	-102.356003
0.109900	-106.653000
0.110000	-115.639000
0.110100	-117.202003
0.110200	-116.810997
0.110300	-131.266006
0.110400	-143.376999
0.110500	-141.813995
0.110600	-140.641998
0.110700	-142.205002
0.110800	-139.470001
0.110900	-146.501999
0.111000	-164.863998
0.111100	-167.988998
0.111200	-159.785004
0.111300	-165.645004
0.111400	-177.755997
0.111500	-188.304001
0.111600	-185.960007
0.111700	-174.240005
0.111800	-189.867004
0.111900	-212.916000
0.112000	-221.901993
0.112100	-220.339005
0.112200	-226.199005
0.112300	-226.589996
0.112400	-226.979996
0.112500	-238.309998
0.112600	-254.718002
0.112700	-255.889999
0.112800	-254.326996
0.112900	-261.359985
0.113000	-266.048004
0.113100	-265.265991
0.113200	-263.704010
0.113300	-271.907990
0.113400	-285.580994
0.113500	-285.191010
0.113600	-278.940002
0.113700	-287.144012
0.113800	-294.566986
0.113900	-291.050995
0.114000	-301.989014
0.114100	-327.382996
0.114200	-328.554993
0.114300	-318.398010
0.114400	-328.946014
0.114500	-344.963013
0.114600	-339.885010
0.114700	-338.713013
0.114800	-357.855988
0.114900	-362.153015
0.115000	-359.417999
0.115100	-366.841003
0.115200	-377.389008
0.115300	-373.872986
0.115400	-378.170013
0.115500	-392.234985
0.115600	-403.563995
0.115700	-405.907990
0.115800	-397.704010
0.115900	-392.625000
0.116000	-406.690002
0.116100	-423.488007
0.116200	-422.707001
0.116300	-406.299011
0.116400	-412.940002
0.116500	-433.255005
0.116600	-440.678009
0.116700	-448.881989
0.116800	-455.523987
0.116900	-463.337006
0.117000	-467.243988
0.117100	-465.290009
0.117200	-466.852997
0.117300	-472.321991
0.117400	-475.057007
0.117500	-487.558990
0.117600	-493.808990
0.117700	-493.419006
0.117800	-495.763000
0.117900	-498.888000
0.118000	-494.591003
0.118100	-494.980988
0.118200	-504.747986
0.118300	-506.701996
0.118400	-509.826996
0.118500	-521.156006
0.118600	-525.062988
0.118700	-525.062988
0.118800	-532.877014
0.118900	-545.768982
0.119000	-555.145020
0.119100	-557.098022
0.119200	-548.502991
0.119300	-541.080994
0.119400	-541.862000
0.119500	-555.926025
0.119600	-568.817993
0.119700	-569.599976
0.119800	-575.460022
0.119900	-585.617004
0.120000	-584.835999
0.120100	-581.320007
0.120200	-586.007996
0.120300	-589.914978
0.120400	-594.992981
0.120500	-610.229980
0.120600	-627.028992
0.120700	-622.340027
0.120800	-609.838989
0.120900	-613.354980
0.121000	-624.294006
0.121100	-630.544983
0.121200	-631.716980
0.121300	-628.200989
0.121400	-624.684998
0.121500	-623.513000
0.121600	-624.294006
0.121700	-633.669983
0.121800	-648.125000
0.121900	-656.328979
0.122000	-654.765991
0.122100	-652.031982
0.122200	-649.296997
0.122300	-650.078003
0.122400	-666.877014
0.122500	-674.299988
0.122600	-667.268005
0.122700	-662.189026
0.122800	-671.174011
0.122900	-676.252991
0.123000	-678.596985
0.123100	-684.848022
0.123200	-684.067017
0.123300	-671.955994
0.123400	-671.955994
0.123500	-680.940979
0.123600	-680.940979
0.123700	-676.643982
0.123800	-690.708008
0.123900	-709.460022
0.124000	-706.726013
0.124100	-704.771973
0.124200	-716.101990
0.124300	-720.007996
0.124400	-713.757996
0.124500	-711.414001
0.124600	-720.398987
0.124700	-730.166016
0.124800	-728.603027
0.124900	-728.603027
0.125000	-721.570984
0.125100	-707.898010
0.125200	-712.195007
0.125300	-732.901001
0.125400	-735.244995
0.125500	-733.291016
0.125600	-740.713989
0.125700	-744.620972
0.125800	-745.793030
0.125900	-747.356018
0.126000	-747.356018
0.126100	-741.104980
0.126200	-745.401978
0.126300	-749.700012
0.126400	-737.588989
0.126500	-739.151001
0.126600	-757.513000
0.126700	-762.591980
0.126800	-757.903992
0.126900	-763.763977
0.127000	-765.716980
0.127100	-757.903992
0.127200	-764.935974
0.127300	-777.046997
0.127400	-773.140015
0.127500	-764.153992
0.127600	-768.452026
0.127700	-777.828003
0.127800	-776.656006
0.127900	-762.200989
0.128000	-758.684998
0.128100	-764.544983
0.128200	-775.484009
0.128300	-782.906982
0.128400	-781.734985
0.128500	-777.046997
0.128600	-772.359009
0.128700	-773.921021
0.128800	-776.656006
0.128900	-777.046997
0.129000	-779.000000
0.129100	-784.468994
0.129200	-786.812988
0.129300	-794.236023
0.129400	-793.455017
0.129500	-793.455017
0.129600	-795.018005
0.129700	-784.468994
0.129800	-781.343994
0.129900	-800.487000
0.130000	-807.909973
0.130100	-796.580017
0.130200	-791.111023
0.130300	-787.984985
0.130400	-786.031982
0.130500	-795.799011
0.130600	-807.909973
0.130700	-802.830994
0.130800	-792.672974
0.130900	-788.375977
0.131000	-789.547974
0.131100	-794.236023
0.131200	-800.877991
0.131300	-809.081970
0.131400	-806.737976
0.131500	-793.846008
0.131600	-787.984985
0.131700	-798.924011
0.131800	-815.331970
0.131900	-818.848999
0.132000	-804.393982
0.132100	-796.580017
0.132200	-806.737976
0.132300	-812.598022
0.132400	-803.612000
0.132500	-791.500977
0.132600	-784.468994
0.132700	-794.627014
0.132800	-805.174988
0.132900	-805.955994
0.133000	-802.830994
0.133100	-796.971008
0.133200	-795.799011
0.133300	-795.408020
0.133400	-797.362000
0.133500	-804.393982
0.133600	-811.426025
0.133700	-809.081970
0.133800	-806.346985
0.133900	-804.393982
0.134000	-796.580017
0.134100	-791.111023
0.134200	-796.190002
0.134300	-805.174988
0.134400	-810.254028
0.134500	-807.909973
0.134600	-802.830994
0.134700	-805.955994
0.134800	-804.783997
0.134900	-803.221985
0.135000	-804.783997
0.135100	-797.362000
0.135200	-789.156982
0.135300	-794.627014
0.135400	-795.799011
0.135500	-788.767029
0.135600	-789.547974
0.135700	-787.203979
0.135800	-778.609009
0.135900	-787.594971
0.136000	-807.127991
0.136100	-804.393982
0.136200	-787.594971
0.136300	-783.687988
0.136400	-782.515991
0.136500	-776.656006
0.136600	-783.687988
0.136700	-792.672974
0.136800	-789.547974
0.136900	-781.343994
0.137000	-773.531006
0.137100	-775.875000
0.137200	-780.953003
0.137300	-782.906982
0.137400	-776.265015
0.137500	-779.781006
0.137600	-785.640991
0.137700	-784.859985
0.137800	-787.203979
0.137900	-782.906982
0.138000	-768.452026
0.138100	-764.153992
0.138200	-764.544983
0.138300	-763.763977
0.138400	-763.372986
0.138500	-761.028992
0.138600	-753.606018
0.138700	-756.341003
0.138800	-764.544983
0.138900	-766.497986
0.139000	-761.419983
0.139100	-759.075989
0.139200	-759.466003
0.139300	-748.137024
0.139400	-743.057983
0.139500	-752.434021
0.139600	-762.591980
0.139700	-759.856995
0.139800	-753.216003
0.139900	-755.169006
0.140000	-752.044006
0.140100	-743.448975
0.140200	-737.588989
0.140300	-740.322998
0.140400	-757.903992
0.140500	-759.466003
0.140600	-747.356018
0.140700	-733.291016
0.140800	-719.617981
0.140900	-713.757996
0.141000	-723.914978
0.141100	-729.775024
0.141200	-727.041016
0.141300	-721.961975
0.141400	-723.133972
0.141500	-728.603027
0.141600	-730.557007
0.141700	-732.510010
0.141800	-730.557007
0.141900	-729.385010
0.142000	-730.557007
0.142100	-714.929993
0.142200	-710.632019
0.142300	-716.101990
0.142400	-707.898010
0.142500	-696.958984
0.142600	-698.130981
0.142700	-694.223999
0.142800	-687.973022
0.142900	-692.270996
0.143000	-703.991028
0.143100	-698.130981
0.143200	-690.317017
0.143300	-699.302979
0.143400	-700.083984
0.143500	-687.973022
0.143600	-675.080994
0.143700	-677.424988
0.143800	-686.801025
0.143900	-686.020020
0.144000	-675.471985
0.144100	-677.424988
0.144200	-683.284973
0.144300	-684.456970
0.144400	-672.346985
0.144500	-660.625977
0.144600	-656.719971
0.144700	-653.593994
0.144800	-648.906006
0.144900	-651.250000
0.145000	-652.421997
0.145100	-646.171021
0.145200	-642.265015
0.145300	-650.859985
0.145400	-654.375977
0.145500	-643.827026
0.145600	-642.265015
0.145700	-651.250000
0.145800	-651.640991
0.145900	-646.953003
0.146000	-631.325989
0.146100	-612.963989
0.146200	-619.215027
0.146300	-630.934998
0.146400	-629.763000
0.146500	-623.903015
0.146600	-619.606018
0.146700	-616.090027
0.146800	-614.526978
0.146900	-610.619995
0.147000	-613.354980
0.147100	-620.387024
0.147200	-617.651978
0.147300	-607.885986
0.147400	-600.463013
0.147500	-595.383972
0.147600	-596.556030
0.147700	-603.588013
0.147800	-595.775024
0.147900	-594.603027
0.148000	-608.276001
0.148100	-598.510010
0.148200	-586.398987
0.148300	-585.226990
0.148400	-579.757019
0.148500	-578.976013
0.148600	-578.976013
0.148700	-565.302002
0.148800	-557.489014
0.148900	-563.739990
0.149000	-569.208984
0.149100	-572.333984
0.149200	-558.661011
0.149300	-549.676025
0.149400	-564.130005
0.149500	-568.427979
0.149600	-553.192017
0.149700	-541.862000
0.149800	-537.565002
0.149900	-534.830017
0.150000	-536.393005
0.150100	-541.080994
0.150200	-538.737000
0.150300	-526.625977
0.150400	-517.250000
0.150500	-520.765991
0.150600	-519.203003
0.150700	-516.078003
0.150800	-516.468018
0.150900	-513.343018
0.151000	-508.654999
0.151100	-510.608002
0.151200	-503.575989
0.151300	-487.558990
0.151400	-487.949005
0.151500	-502.795013
0.151600	-491.855988
0.151700	-474.665985
0.151800	-480.135986
0.151900	-487.558990
0.152000	-479.744995
0.152100	-482.871002
0.152200	-495.372009
0.152300	-500.450989
0.152400	-487.558990
0.152500	-467.243988
0.152600	-456.304993
0.152700	-464.509003
0.152800	-477.401001
0.152900	-475.057007
0.153000	-462.946014
0.153100	-465.681000
0.153200	-466.071991
0.153300	-460.212006
0.153400	-453.570007
0.153500	-449.662994
0.153600	-449.273010
0.153700	-447.319000
0.153800	-455.914001
0.153900	-464.118011
0.154000	-458.257996
0.154100	-444.584991
0.154200	-440.286987
0.154300	-438.334015
0.154400	-437.161987
0.154500	-433.645996
0.154600	-425.050995
0.154700	-425.050995
0.154800	-426.222992
0.154900	-423.097992
0.155000	-430.130005
0.155100	-425.441986
0.155200	-410.987000
0.155300	-408.643005
0.155400	-418.410004
0.155500	-414.502991
0.155600	-403.954987
0.155700	-405.518005
0.155800	-409.424011
0.155900	-402.782990
0.156000	-390.671997
0.156100	-385.203003
0.156200	-386.375000
0.156300	-391.453003
0.156400	-394.187988
0.156500	-397.704010
0.156600	-391.062988
0.156700	-378.561005
0.156800	-378.561005
0.156900	-376.608002
0.157000	-379.733002
0.157100	-382.859009
0.157200	-372.309998
0.157300	-364.888000
0.157400	-365.669006
0.157500	-367.231995
0.157600	-358.246002
0.157700	-354.730011
0.157800	-358.636993
0.157900	-357.074005
0.158000	-345.744995
0.158100	-345.354004
0.158200	-350.822998
0.158300	-344.182007
0.158400	-338.713013
0.158500	-344.182007
0.158600	-347.307007
0.158700	-346.526001
0.158800	-343.401001
0.158900	-332.462006
0.159000	-326.210999
0.159100	-332.071014
0.159200	-334.806000
0.159300	-337.149994
0.159400	-336.759003
0.159500	-327.773987
0.159600	-314.490997
0.159700	-309.022003
0.159800	-310.975006
0.159900	-305.895996
0.160000	-302.380005
0.160100	-310.194000
0.160200	-310.584015
0.160300	-302.380005
0.160400	-298.083008
0.160500	-291.832001
0.160600	-283.627991
0.160700	-280.112000
0.160800	-279.721008
0.160900	-284.408997
0.161000	-290.269012
0.161100	-286.752991
0.161200	-271.516998
0.161300	-271.126007
0.161400	-281.674988
0.161500	-280.893005
0.161600	-274.641998
0.161700	-276.204987
0.161800	-276.204987
0.161900	-269.563995
0.162000	-257.062012
0.162100	-250.029999
0.162200	-246.514008
0.162300	-246.514008
0.162400	-248.858002
0.162500	-256.281006
0.162600	-248.858002
0.162700	-235.966003
0.162800	-231.667999
0.162900	-239.091003
0.163000	-241.826004
0.163100	-232.059006
0.163200	-230.886993
0.163300	-239.091003
0.163400	-235.184998
0.163500	-224.636002
0.163600	-228.542999
0.163700	-235.184998
0.163800	-229.324005
0.163900	-222.292007
0.164000	-226.589996
0.164100	-217.994995
0.164200	-204.320999
0.164300	-200.804993
0.164400	-209.791000
0.164500	-219.947998
0.164600	-220.729996
0.164700	-206.664993
0.164800	-194.945007
0.164900	-201.587006
0.165000	-207.447006
0.165100	-202.367996
0.165200	-202.367996
0.165300	-199.632996
0.165400	-189.867004
0.165500	-185.569000
0.165600	-191.429001
0.165700	-205.102997
0.165800	-201.195999
0.165900	-186.350998
0.166000	-187.522995
0.166100	-195.727005
0.166200	-189.475998
0.166300	-184.007004
0.166400	-178.927994
0.166500	-167.988998
0.166600	-165.645004
0.166700	-166.035995
0.166800	-165.253998
0.166900	-161.738007
0.167000	-157.830994
0.167100	-162.128998
0.167200	-166.035995
0.167300	-154.315002
0.167400	-144.158005
0.167500	-148.065002
0.167600	-156.658997
0.167700	-153.925003
0.167800	-149.237000
0.167900	-158.222000
0.168000	-155.878006
0.168100	-140.251007
0.168200	-137.126007
0.168300	-138.298004
0.168400	-133.218994
0.168500	-130.093994
0.168600	-129.703003
0.168700	-129.311996
0.168800	-137.906998
0.168900	-143.376999
0.169000	-129.703003
0.169100	-120.327003
0.169200	-116.810997
0.169300	-104.699997
0.169400	-102.747002
0.169500	-118.764000
0.169600	-121.499001
0.169700	-108.997002
0.169800	-102.747002
0.169900	-101.574997
0.170000	-99.621399
0.170100	-100.403000
0.170200	-106.653000
0.170300	-103.528000
0.170400	-101.574997
0.170500	-100.012001
0.170600	-99.621399
0.170700	-98.058701
0.170800	-96.886703
0.170900	-94.542603
0.171000	-92.198601
0.171100	-88.682503
0.171200	-86.729202
0.171300	-78.134399
0.171400	-75.790398
0.171500	-86.338501
0.171600	-80.869102
0.171700	-62.507500
0.171800	-66.804901
0.171900	-78.134399
0.172000	-67.976898
0.172100	-62.898201
0.172200	-69.930298
0.172300	-67.586304
0.172400	-61.726200
0.172500	-66.804901
0.172600	-68.367599
0.172700	-61.335499
0.172800	-55.475399
0.172900	-46.880600
0.173000	-42.583199
0.173100	-51.178001
0.173200	-65.632896
0.173300	-64.851601
0.173400	-51.568699
0.173500	-48.052700
0.173600	-49.224701
0.173700	-41.801899
0.173800	-35.551201
0.173900	-31.644400
0.174000	-32.425800
0.174100	-35.551201
0.174200	-39.848499
0.174300	-36.332500
0.174400	-19.533600
0.174500	-17.970900
0.174600	-31.644400
0.174700	-37.504501
0.174800	-31.253799
0.174900	-28.128401
0.175000	-24.221701
0.175100	-10.157500
0.175200	-0.781344
0.175300	-9.766800
0.175400	-17.189600
0.175500	-14.454900
0.175600	0.781344
0.175700	1.953360
0.175800	-7.422770
0.175900	-3.906720
0.176000	1.562690
0.176100	2.344030
0.176200	3.906720
0.176300	1.953360
0.176400	-2.344030
0.176500	-1.562690
0.176600	-1.953360
0.176700	4.688060
0.176800	7.032100
0.176900	-2.734700
0.177000	4.297390
0.177100	16.017599
0.177200	13.282800
0.177300	12.501500
0.177400	18.361601
0.177500	22.659000
0.177600	17.580200
0.177700	8.594780
0.177800	14.845500
0.177900	28.519100
0.178000	28.519100
0.178100	26.174999
0.178200	24.612301
0.178300	31.644400
0.178400	35.160500
0.178500	35.551201
0.178600	35.551201
0.178700	37.113800
0.178800	37.113800
0.178900	29.691099
0.179000	25.393700
0.179100	33.597801
0.179200	47.271301
0.179300	50.396702
0.179400	46.099300
0.179500	44.145901
0.179600	46.880600
0.179700	50.006001
0.179800	53.522099
0.179900	42.192600
0.180000	33.988499
0.180100	41.411201
0.180200	49.224701
0.180300	51.568699
0.180400	51.568699
0.180500	47.661999
0.180600	42.583199
0.180700	50.396702
0.180800	53.131401
0.180900	50.787399
0.181000	53.522099
0.181100	61.335499
0.181200	68.367599
0.181300	73.446297
0.181400	75.399696
0.181500	69.148903
0.181600	64.460899
0.181700	68.758301
0.181800	72.665001
0.181900	70.320999
0.182000	75.009003
0.182100	74.227699
0.182200	66.414200
0.182300	64.460899
0.182400	69.930298
0.182500	71.492996
0.182600	66.804901
0.182700	62.898201
0.182800	62.898201
0.182900	71.492996
0.183000	78.134399
0.183100	75.399696
0.183200	77.743698
0.183300	89.854599
0.183400	87.901199
0.183500	73.446297
0.183600	73.446297
0.183700	79.697098
0.183800	88.291901
0.183900	86.338501
0.184000	80.478401
0.184100	77.743698
0.184200	75.790398
0.184300	82.431801
0.184400	90.635902
0.184500	89.463898
0.184600	82.041100
0.184700	80.869102
0.184800	83.603798
0.184900	85.947800
0.185000	90.635902
0.185100	96.886703
0.185200	97.277298
0.185300	92.589302
0.185400	90.635902
0.185500	95.714600
0.185600	105.872002
0.185700	106.653000
0.185800	92.589302
0.185900	86.338501
0.186000	95.714600
0.186100	100.792999
0.186200	99.230698
0.186300	97.667999
0.186400	98.449303
0.186500	97.667999
0.186600	98.449303
0.186700	103.918999
0.186800	96.105301
0.186900	78.525101
0.187000	77.743698
0.187100	89.854599
0.187200	83.213097
0.187300	77.743698
0.187400	83.994499
0.187500	92.198601
0.187600	96.886703
0.187700	95.323997
0.187800	80.478401
0.187900	74.227699
0.188000	82.822502
0.188100	78.525101
0.188200	78.525101
0.188300	102.747002
0.188400	123.843002
0.188500	111.732002
0.188600	86.729202
0.188700	91.026604
0.188800	105.481003
0.188900	104.699997
0.189000	107.824997
0.189100	108.607002
0.189200	93.370598
0.189300	83.213097
0.189400	91.807899
0.189500	97.667999
0.189600	100.403000
0.189700	103.137001
0.189800	100.403000
0.189900	92.589302
0.190000	89.073196
0.190100	92.589302
0.190200	89.073196
0.190300	80.087799
0.190400	80.478401
0.190500	85.166496
0.190600	87.119904
0.190700	91.026604
0.190800	93.761299
0.190900	88.682503
0.191000	85.947800
0.191100	90.245201
0.191200	89.463898
0.191300	92.979897
0.191400	100.403000
0.191500	98.058701
0.191600	95.714600
0.191700	107.043999
0.191800	108.997002
0.191900	96.105301
0.192000	90.245201
0.192100	89.854599
0.192200	83.994499
0.192300	85.947800
0.192400	98.449303
0.192500	91.026604
0.192600	78.134399
0.192700	81.259804
0.192800	82.431801
0.192900	76.962402
0.193000	77.353104
0.193100	82.041100
0.193200	78.525101
0.193300	82.822502
0.193400	83.213097
0.193500	81.259804
0.193600	83.213097
0.193700	91.807899
0.193800	100.403000
0.193900	102.747002
0.194000	92.979897
0.194100	83.994499
0.194200	74.618401
0.194300	71.102303
0.194400	81.650398
0.194500	92.198601
0.194600	89.854599
0.194700	83.213097
0.194800	86.338501
0.194900	88.291901
0.195000	85.166496
0.195100	78.525101
0.195200	73.446297
0.195300	71.102303
0.195400	72.274300
0.195500	79.697098
0.195600	80.087799
0.195700	74.618401
0.195800	76.571701
0.195900	82.041100
0.196000	82.822502
0.196100	82.822502
0.196200	82.822502
0.196300	77.353104
0.196400	82.041100
0.196500	92.198601
0.196600	80.087799
0.196700	67.195602
0.196800	71.883598
0.196900	79.697098
0.197000	73.446297
0.197100	63.288898
0.197200	72.274300
0.197300	79.697098
0.197400	74.227699
0.197500	68.758301
0.197600	60.944801
0.197700	58.991501
0.197800	73.055702
0.197900	73.446297
0.198000	62.507500
0.198100	71.102303
0.198200	75.009003
0.198300	62.507500
0.198400	57.038101
0.198500	56.256802
0.198600	55.084801
0.198700	68.758301
0.198800	76.181000
0.198900	60.944801
0.199000	50.787399
0.199100	63.288898
0.199200	68.367599
0.199300	60.944801
0.199400	60.944801
0.199500	64.460899
0.199600	65.242203
0.199700	65.242203
0.199800	67.976898
0.199900	66.414200
0.200000	58.991501
0.200100	52.349998
0.200200	58.210098
0.200300	64.851601
0.200400	60.554199
0.200500	57.038101
0.200600	58.991501
0.200700	48.052700
0.200800	39.848499
0.200900	48.052700
0.201000	50.787399
0.201100	42.973900
0.201200	43.755299
0.201300	50.006001
0.201400	52.740700
0.201500	45.708599
0.201600	38.285900
0.201700	37.504501
0.201800	33.597801
0.201900	34.379101
0.202000	38.285900
0.202100	41.801899
0.202200	43.755299
0.202300	50.006001
0.202400	39.457901
0.202500	21.487000
0.202600	30.863100
0.202700	45.708599
0.202800	39.067200
0.202900	29.300400
0.203000	37.113800
0.203100	41.801899
0.203200	43.755299
0.203300	50.787399
0.203400	41.411201
0.203500	37.113800
0.203600	41.020599
0.203700	32.816399
0.203800	29.691099
0.203900	35.160500
0.204000	30.863100
0.204100	20.314899
0.204200	17.189600
0.204300	23.049601
0.204400	32.035099
0.204500	36.332500
0.204600	41.801899
0.204700	41.411201
0.204800	29.691099
0.204900	24.612301
0.205000	26.565701
0.205100	27.347000
0.205200	25.784401
0.205300	27.347000
0.205400	28.909700
0.205500	31.644400
0.205600	33.207100
0.205700	32.816399
0.205800	23.440300
0.205900	21.096300
0.206000	20.705601
0.206100	13.282800
0.206200	13.282800
0.206300	21.487000
0.206400	16.017599
0.206500	10.157500
0.206600	14.454900
0.206700	18.752300
0.206800	25.784401
0.206900	31.644400
0.207000	27.347000
0.207100	17.189600
0.207200	20.705601
0.207300	24.221701
0.207400	18.752300
0.207500	26.565701
0.207600	36.723202
0.207700	30.863100
0.207800	19.533600
0.207900	14.845500
0.208000	14.454900
0.208100	19.142900
0.208200	26.565701
0.208300	18.361601
0.208400	6.250750
0.208500	-4.297390
0.208600	-8.204110
0.208700	-7.032100
0.208800	-4.297390
0.208900	-4.297390
0.209000	1.562690
0.209100	16.798901
0.209200	21.487000
0.209300	10.938800
0.209400	-1.562690
0.209500	6.641420
0.209600	16.017599
0.209700	0.390672
0.209800	-7.422770
0.209900	5.078740
0.210000	10.548100
0.210100	10.938800
0.210200	9.766800
0.210300	6.250750
0.210400	8.985460
0.210500	7.032100
0.210600	-9.766800
0.210700	-17.189600
0.210800	-7.032100
0.210900	5.860080
0.211000	7.422770
0.211100	1.953360
0.211200	2.344030
0.211300	12.501500
0.211400	3.516050
0.211500	-12.110800
0.211600	-11.720200
0.211700	-5.860080
0.211800	-3.516050
0.211900	-0.781344
0.212000	-3.906720
0.212100	-6.250750
0.212200	-0.390672
0.212300	3.906720
0.212400	-5.860080
0.212500	-10.157500
0.212600	-10.548100
0.212700	-4.688060
0.212800	-3.125380
0.212900	-7.813440
0.213000	-12.501500
0.213100	-8.594780
0.213200	-8.985460
0.213300	-10.938800
0.213400	-0.781344
0.213500	1.562690
0.213600	-14.064200
0.213700	-16.408199
0.213800	4.688060
0.213900	8.594780
0.214000	-5.860080
0.214100	-12.110800
0.214200	-15.626900
0.214300	-16.408199
0.214400	-16.798901
0.214500	-10.548100
0.214600	-12.110800
0.214700	-14.845500
0.214800	-19.533600
0.214900	-18.361601
0.215000	-10.157500
0.215100	-9.376130
0.215200	-22.268299
0.215300	-23.830999
0.215400	-26.174999
0.215500	-39.457901
0.215600	-41.020599
0.215700	-31.644400
0.215800	-30.863100
0.215900	-26.565701
0.216000	-17.970900
0.216100	-21.877600
0.216200	-32.425800
0.216300	-30.863100
0.216400	-25.393700
0.216500	-16.408199
0.216600	-10.938800
0.216700	-23.049601
0.216800	-28.128401
0.216900	-32.035099
0.217000	-39.067200
0.217100	-32.425800
0.217200	-29.691099
0.217300	-30.472401
0.217400	-27.347000
0.217500	-20.314899
0.217600	-11.720200
0.217700	-13.673500
0.217800	-33.597801
0.217900	-40.629902
0.218000	-29.300400
0.218100	-22.659000
0.218200	-30.472401
0.218300	-40.239201
0.218400	-40.239201
0.218500	-38.285900
0.218600	-48.834000
0.218700	-58.210098
0.218800	-43.364601
0.218900	-32.816399
0.219000	-43.364601
0.219100	-48.443298
0.219200	-49.224701
0.219300	-46.490002
0.219400	-41.020599
0.219500	-42.583199
0.219600	-36.332500
0.219700	-31.253799
0.219800	-35.941799
0.219900	-40.239201
0.220000	-45.318001
0.220100	-46.099300
0.220200	-33.597801
0.220300	-28.909700
0.220400	-46.099300
0.220500	-48.834000
0.220600	-37.895199
0.220700	-40.629902
0.220800	-47.271301
0.220900	-56.256802
0.221000	-59.772800
0.221100	-47.271301
0.221200	-43.755299
0.221300	-48.834000
0.221400	-46.490002
0.221500	-50.787399
0.221600	-61.726200
0.221700	-57.428799
0.221800	-50.006001
0.221900	-56.647400
0.222000	-63.679501
0.222100	-51.959400
0.222200	-39.457901
0.222300	-51.568699
0.222400	-73.446297
0.222500	-77.353104
0.222600	-71.492996
0.222700	-67.195602
0.222800	-61.335499
0.222900	-60.554199
0.223000	-60.554199
0.223100	-59.772800
0.223200	-63.288898
0.223300	-55.866100
0.223400	-45.318001
0.223500	-42.973900
0.223600	-52.349998
0.223700	-56.647400
0.223800	-58.991501
0.223900	-62.898201
0.224000	-64.460899
0.224100	-62.507500
0.224200	-75.399696
0.224300	-85.557198
0.224400	-73.055702
0.224500	-63.679501
0.224600	-78.134399
0.224700	-75.790398
0.224800	-57.428799
0.224900	-62.116798
0.225000	-85.557198
0.225100	-84.385201
0.225200	-62.507500
0.225300	-61.726200
0.225400	-73.446297
0.225500	-73.446297
0.225600	-66.023598
0.225700	-57.038101
0.225800	-63.288898
0.225900	-79.306396
0.226000	-78.134399
0.226100	-68.367599
0.226200	-64.851601
0.226300	-69.539597
0.226400	-72.274300
0.226500	-66.414200
0.226600	-70.320999
0.226700	-81.650398
0.226800	-85.166496
0.226900	-76.571701
0.227000	-75.009003
0.227100	-72.274300
0.227200	-68.367599
0.227300	-75.790398
0.227400	-88.291901
0.227500	-82.822502
0.227600	-75.399696
0.227700	-73.055702
0.227800	-71.883598
0.227900	-69.930298
0.228000	-66.023598
0.228100	-67.195602
0.228200	-80.478401
0.228300	-82.041100
0.228400	-76.571701
0.228500	-69.539597
0.228600	-73.446297
0.228700	-75.009003
0.228800	-67.976898
0.228900	-66.414200
0.229000	-77.743698
0.229100	-85.557198
0.229200	-81.650398
0.229300	-80.478401
0.229400	-79.306396
0.229500	-67.976898
0.229600	-69.539597
0.229700	-85.947800
0.229800	-90.245201
0.229900	-81.259804
0.230000	-73.836998
0.230100	-79.697098
0.230200	-95.323997
0.230300	-90.635902
0.230400	-82.041100
0.230500	-87.119904
0.230600	-89.463898
0.230700	-94.152000
0.230800	-100.792999
0.230900	-91.026604
0.231000	-79.697098
0.231100	-81.259804
0.231200	-81.650398
0.231300	-80.869102
0.231400	-85.557198
0.231500	-89.463898
0.231600	-85.166496
0.231700	-83.994499
0.231800	-84.385201
0.231900	-77.743698
0.232000	-74.227699
0.232100	-85.557198
0.232200	-93.761299
0.232300	-90.245201
0.232400	-83.603798
0.232500	-89.073196
0.232600	-87.119904
0.232700	-91.026604
0.232800	-105.091003
0.232900	-101.183998
0.233000	-89.463898
0.233100	-93.761299
0.233200	-91.026604
0.233300	-87.510498
0.233400	-90.635902
0.233500	-91.417198
0.233600	-83.213097
0.233700	-78.134399
0.233800	-83.213097
0.233900	-106.263000
0.234000	-116.029999
0.234100	-101.964996
0.234200	-98.839996
0.234300	-101.964996
0.234400	-96.105301
0.234500	-99.230698
0.234600	-100.012001
0.234700	-92.589302
0.234800	-99.621399
0.234900	-101.183998
0.235000	-92.198601
0.235100	-89.073196
0.235200	-96.496002
0.235300	-104.308998
0.235400	-104.699997
0.235500	-100.403000
0.235600	-100.012001
0.235700	-108.607002
0.235800	-108.607002
0.235900	-102.356003
0.236000	-106.263000
0.236100	-107.824997
0.236200	-100.792999
0.236300	-108.216003
0.236400	-116.419998
0.236500	-109.388000
0.236600	-109.388000
0.236700	-119.154999
0.236800	-109.778999
0.236900	-101.574997
0.237000	-107.824997
0.237100	-116.810997
0.237200	-119.545998
0.237300	-105.481003
0.237400	-97.277298
0.237500	-103.137001
0.237600	-107.043999
0.237700	-103.137001
0.237800	-112.514000
0.237900	-119.935997
0.238000	-106.653000
0.238100	-98.839996
0.238200	-109.778999
0.238300	-113.294998
0.238400	-112.514000
0.238500	-114.075996
0.238600	-116.029999
0.238700	-108.997002
0.238800	-109.388000
0.238900	-121.108002
0.239000	-121.499001
0.239100	-103.918999
0.239200	-104.308998
0.239300	-111.732002
0.239400	-104.699997
0.239500	-100.403000
0.239600	-98.839996
0.239700	-101.183998
0.239800	-106.653000
0.239900	-109.388000
0.240000	-100.012001
0.240100	-98.839996
0.240200	-102.356003
0.240300	-105.481003
0.240400	-102.747002
0.240500	-96.886703
0.240600	-103.918999
0.240700	-115.639000
0.240800	-114.075996
0.240900	-112.123001
0.241000	-116.810997
0.241100	-112.903999
0.241200	-114.075996
0.241300	-118.374001
0.241400	-108.216003
0.241500	-100.012001
0.241600	-112.514000
0.241700	-128.531006
0.241800	-125.795998
0.241900	-110.950996
0.242000	-109.778999
0.242100	-123.843002
0.242200	-125.405998
0.242300	-115.639000
0.242400	-119.545998
0.242500	-121.499001
0.242600	-113.685997
0.242700	-106.263000
0.242800	-115.248001
0.242900	-119.154999
0.243000	-113.294998
0.243100	-112.514000
0.243200	-111.342003
0.243300	-104.308998
0.243400	-101.574997
0.243500	-105.481003
0.243600	-106.653000
0.243700	-106.263000
0.243800	-107.434998
0.243900	-106.653000
0.244000	-107.824997
0.244100	-113.294998
0.244200	-125.795998
0.244300	-127.750000
0.244400	-122.279999
0.244500	-115.248001
0.244600	-109.388000
0.244700	-113.294998
0.244800	-126.186996
0.244900	-119.545998
0.245000	-108.607002
0.245100	-114.467003
0.245200	-122.670998
0.245300	-114.858002
0.245400	-105.091003
0.245500	-103.528000
0.245600	-112.903999
0.245700	-114.467003
0.245800	-108.997002
0.245900	-103.918999
0.246000	-100.403000
0.246100	-106.653000
0.246200	-115.639000
0.246300	-112.123001
0.246400	-110.169998
0.246500	-123.452003
0.246600	-122.279999
0.246700	-112.514000
0.246800	-110.169998
0.246900	-109.388000
0.247000	-104.308998
0.247100	-107.824997
0.247200	-112.903999
0.247300	-117.592003
0.247400	-119.545998
0.247500	-112.903999
0.247600	-104.308998
0.247700	-109.388000
0.247800	-116.029999
0.247900	-118.764000
0.248000	-120.327003
0.248100	-114.467003
0.248200	-115.248001
0.248300	-114.467003
0.248400	-110.559998
0.248500	-108.607002
0.248600	-112.514000
0.248700	-117.592003
0.248800	-126.186996
0.248900	-133.610001
0.249000	-125.405998
0.249100	-111.342003
0.249200	-109.778999
0.249300	-106.653000
0.249400	-103.137001
0.249500	-104.308998
0.249600	-103.137001
0.249700	-101.574997
0.249800	-103.528000
0.249900	-111.732002
0.250000	-114.467003
0.250100	-110.559998
0.250200	-106.653000
0.250300	-113.294998
0.250400	-116.419998
0.250500	-115.639000
0.250600	-121.108002
0.250700	-122.670998
0.250800	-117.592003
0.250900	-112.123001
0.251000	-111.732002
0.251100	-114.467003
0.251200	-121.108002
0.251300	-129.311996
0.251400	-130.093994
0.251500	-119.545998
0.251600	-112.903999
0.251700	-108.997002
0.251800	-105.091003
0.251900	-114.858002
0.252000	-120.327003
0.252100	-114.467003
0.252200	-108.216003
0.252300	-114.075996
0.252400	-116.810997
0.252500	-113.685997
0.252600	-103.137001
0.252700	-99.621399
0.252800	-111.342003
0.252900	-114.467003
0.253000	-103.918999
0.253100	-100.403000
0.253200	-104.699997
0.253300	-106.653000
0.253400	-106.263000
0.253500	-99.621399
0.253600	-104.699997
0.253700	-122.279999
0.253800	-119.545998
0.253900	-108.216003
0.254000	-114.075996
0.254100	-114.858002
0.254200	-110.559998
0.254300	-99.621399
0.254400	-94.542603
0.254500	-108.216003
0.254600	-121.499001
0.254700	-114.467003
0.254800	-98.449303
0.254900	-96.886703
0.255000	-106.653000
0.255100	-108.997002
0.255200	-94.152000
0.255300	-92.198601
0.255400	-102.356003
0.255500	-107.824997
0.255600	-97.667999
0.255700	-89.854599
0.255800	-96.496002
0.255900	-105.481003
0.256000	-99.621399
0.256100	-91.026604
0.256200	-100.012001
0.256300	-103.918999
0.256400	-89.463898
0.256500	-73.446297
0.256600	-76.181000
0.256700	-91.026604
0.256800	-91.026604
0.256900	-82.041100
0.257000	-80.087799
0.257100	-78.134399
0.257200	-75.009003
0.257300	-80.087799
0.257400	-75.790398
0.257500	-61.335499
0.257600	-66.023598
0.257700	-79.697098
0.257800	-72.274300
0.257900	-64.460899
0.258000	-60.944801
0.258100	-60.944801
0.258200	-61.335499
0.258300	-62.507500
0.258400	-56.256802
0.258500	-57.428799
0.258600	-66.023598
0.258700	-61.726200
0.258800	-51.178001
0.258900	-57.038101
0.259000	-64.070198
0.259100	-58.210098
0.259200	-51.959400
0.259300	-47.661999
0.259400	-48.443298
0.259500	-43.755299
0.259600	-38.285900
0.259700	-46.490002
0.259800	-48.834000
0.259900	-43.364601
0.260000	-34.379101
0.260100	-35.941799
0.260200	-43.755299
0.260300	-36.723202
0.260400	-26.956400
0.260500	-32.425800
0.260600	-30.472401
0.260700	-25.393700
0.260800	-23.440300
0.260900	-15.236200
0.261000	-11.720200
0.261100	-16.017599
0.261200	-14.845500
0.261300	-10.548100
0.261400	-14.454900
0.261500	-11.329500
0.261600	-7.422770
0.261700	-9.376130
0.261800	-8.985460
0.261900	-9.376130
0.262000	-5.078740
0.262100	3.906720
0.262200	2.734700
0.262300	-0.390672
0.262400	7.422770
0.262500	7.813440
0.262600	7.032100
0.262700	13.282800
0.262800	21.096300
0.262900	19.924299
0.263000	21.487000
0.263100	26.565701
0.263200	16.017599
0.263300	14.454900
0.263400	35.941799
0.263500	38.676498
0.263600	21.487000
0.263700	17.189600
0.263800	27.737700
0.263900	31.644400
0.264000	28.128401
0.264100	31.253799
0.264200	41.020599
0.264300	47.661999
0.264400	42.583199
0.264500	36.723202
0.264600	40.629902
0.264700	50.006001
0.264800	51.568699
0.264900	48.834000
0.265000	53.912701
0.265100	64.851601
0.265200	70.320999
0.265300	70.711601
0.265400	62.898201
0.265500	54.694099
0.265600	58.991501
0.265700	61.726200
0.265800	63.288898
0.265900	65.632896
0.266000	65.632896
0.266100	62.898201
0.266200	71.883598
0.266300	87.901199
0.266400	91.026604
0.266500	87.119904
0.266600	91.417198
0.266700	97.277298
0.266800	102.356003
0.266900	99.621399
0.267000	101.574997
0.267100	102.747002
0.267200	94.542603
0.267300	91.417198
0.267400	106.263000
0.267500	119.545998
0.267600	121.499001
0.267700	115.639000
0.267800	110.950996
0.267900	115.639000
0.268000	113.294998
0.268100	110.169998
0.268200	113.685997
0.268300	123.061996
0.268400	128.139999
0.268500	128.921997
0.268600	126.968002
0.268700	128.921997
0.268800	132.828003
0.268900	126.578003
0.269000	116.810997
0.269100	121.889999
0.269200	126.968002
0.269300	112.903999
0.269400	110.169998
0.269500	122.670998
0.269600	125.795998
0.269700	123.061996
0.269800	124.234001
0.269900	125.405998
0.270000	126.578003
0.270100	132.438004
0.270200	140.641998
0.270300	142.985992
0.270400	143.376999
0.270500	135.563004
0.270600	127.359001
0.270700	137.516998
0.270800	146.501999
0.270900	140.641998
0.271000	132.828003
0.271100	127.359001
0.271200	137.126007
0.271300	145.720993
0.271400	145.720993
0.271500	144.938995
0.271600	145.720993
0.271700	147.283005
0.271800	155.097000
0.271900	152.362000
0.272000	142.985992
0.272100	144.548996
0.272200	149.626999
0.272300	143.766998
0.272400	137.906998
0.272500	136.735001
0.272600	134.000000
0.272700	139.470001
0.272800	149.626999
0.272900	151.580994
0.273000	148.065002
0.273100	156.268997
0.273200	164.863998
0.273300	151.970993
0.273400	146.893005
0.273500	154.315002
0.273600	150.408997
0.273700	145.720993
0.273800	147.283005
0.273900	149.237000
0.274000	152.362000
0.274100	160.957001
0.274200	169.160995
0.274300	160.957001
0.274400	147.673996
0.274500	151.970993
0.274600	169.160995
0.274700	169.160995
0.274800	160.565994
0.274900	166.425995
0.275000	175.412003
0.275100	169.160995
0.275200	171.113998
0.275300	175.020996
0.275400	166.817001
0.275500	166.035995
0.275600	174.630005
0.275700	174.240005
0.275800	171.505005
0.275900	173.848999
0.276000	171.505005
0.276100	173.457993
0.276200	171.505005
0.276300	169.552002
0.276400	180.100006
0.276500	185.569000
0.276600	173.067993
0.276700	162.520004
0.276800	156.268997
0.276900	168.380005
0.277000	187.522995
0.277100	193.772995
0.277200	189.867004
0.277300	192.210999
0.277400	204.320999
0.277500	205.884003
0.277600	201.195999
0.277700	202.759003
0.277800	202.367996
0.277900	195.335999
0.278000	196.117004
0.278100	205.492996
0.278200	204.712006
0.278300	196.117004
0.278400	191.039001
0.278500	193.772995
0.278600	207.837997
0.278700	217.994995
0.278800	209.791000
0.278900	201.195999
0.279000	215.651001
0.279100	222.292007
0.279200	219.557999
0.279300	225.026993
0.279400	229.714996
0.279500	216.432007
0.279600	209.791000
0.279700	213.307007
0.279800	226.199005
0.279900	244.169998
0.280000	240.654007
0.280100	230.886993
0.280200	235.184998
0.280300	233.621994
0.280400	226.199005
0.280500	226.979996
0.280600	229.324005
0.280700	231.278000
0.280800	238.701004
0.280900	241.434998
0.281000	242.998001
0.281100	240.654007
0.281200	231.278000
0.281300	232.841003
0.281400	237.138000
0.281500	234.403000
0.281600	239.873001
0.281700	242.606995
0.281800	247.294998
0.281900	249.248993
0.282000	241.434998
0.282100	241.434998
0.282200	250.811005
0.282300	252.373993
0.282400	248.858002
0.282500	253.936996
0.282600	257.843994
0.282700	252.764999
0.282800	254.326996
0.282900	260.968994
0.283000	261.359985
0.283100	255.108994
0.283200	252.373993
0.283300	250.421005
0.283400	255.108994
0.283500	259.015991
0.283600	255.498993
0.283700	255.108994
0.283800	258.625000
0.283900	253.154999
0.284000	253.546005
0.284100	268.782013
0.284200	269.173004
0.284300	258.234009
0.284400	257.453003
0.284500	263.704010
0.284600	258.234009
0.284700	252.373993
0.284800	252.373993
0.284900	257.843994
0.285000	267.220001
0.285100	270.345001
0.285200	267.220001
0.285300	272.298004
0.285400	272.298004
0.285500	259.796997
0.285600	257.062012
0.285700	266.829010
0.285800	266.048004
0.285900	253.546005
0.286000	257.843994
0.286100	267.609985
0.286200	256.671997
0.286300	253.936996
0.286400	265.657013
0.286500	262.921997
0.286600	251.201996
0.286700	248.076996
0.286800	245.733002
0.286900	241.044998
0.287000	248.466995
0.287100	251.201996
0.287200	254.718002
0.287300	257.843994
0.287400	254.718002
0.287500	244.561005
0.287600	239.481995
0.287700	245.341995
0.287800	253.546005
0.287900	252.373993
0.288000	246.123001
0.288100	240.654007
0.288200	233.231003
0.288300	234.013000
0.288400	235.966003
0.288500	235.966003
0.288600	243.389008
0.288700	253.936996
0.288800	247.294998
0.288900	240.654007
0.289000	245.341995
0.289100	247.294998
0.289200	244.951004
0.289300	244.169998
0.289400	240.654007
0.289500	233.621994
0.289600	228.542999
0.289700	239.481995
0.289800	249.639008
0.289900	237.529007
0.290000	228.151993
0.290100	230.886993
0.290200	234.013000
0.290300	229.324005
0.290400	226.979996
0.290500	226.979996
0.290600	228.542999
0.290700	220.339005
0.290800	209.791000
0.290900	207.056000
0.291000	209.009995
0.291100	211.744003
0.291200	209.009995
0.291300	206.274994
0.291400	205.102997
0.291500	203.539993
0.291600	211.354004
0.291700	210.182007
0.291800	200.804993
0.291900	194.945007
0.292000	196.507996
0.292100	198.852005
0.292200	203.149002
0.292300	210.572006
0.292400	218.386002
0.292500	214.869995
0.292600	203.149002
0.292700	198.852005
0.292800	206.274994
0.292900	207.837997
0.293000	201.587006
0.293100	200.804993
0.293200	201.977005
0.293300	200.414993
0.293400	200.024002
0.293500	193.382996
0.293600	189.867004
0.293700	193.772995
0.293800	196.117004
0.293900	188.304001
0.294000	181.272003
0.294100	187.132004
0.294200	194.164001
0.294300	193.382996
0.294400	189.867004
0.294500	190.257004
0.294600	193.382996
0.294700	192.992004
0.294800	193.382996
0.294900	194.164001
0.295000	180.880997
0.295100	170.723999
0.295200	178.145996
0.295300	185.960007
0.295400	186.740997
0.295500	189.475998
0.295600	189.475998
0.295700	189.475998
0.295800	181.272003
0.295900	176.584000
0.296000	179.317993
0.296100	181.272003
0.296200	186.740997
0.296300	187.132004
0.296400	184.397003
0.296500	188.304001
0.296600	184.787994
0.296700	179.317993
0.296800	181.272003
0.296900	175.412003
0.297000	167.598007
0.297100	162.910004
0.297200	167.598007
0.297300	182.052994
0.297400	185.569000
0.297500	170.332993
0.297600	160.957001
0.297700	176.192993
0.297800	185.960007
0.297900	175.020996
0.298000	174.630005
0.298100	188.695007
0.298200	189.475998
0.298300	172.677002
0.298400	168.770004
0.298500	175.412003
0.298600	177.755997
0.298700	185.179001
0.298800	192.992004
0.298900	188.304001
0.299000	177.365005
0.299100	169.160995
0.299200	166.817001
0.299300	169.160995
0.299400	172.285995
0.299500	163.300995
0.299600	154.705994
0.299700	170.332993
0.299800	178.537003
0.299900	168.380005
