-0.030000	0.119172
-0.029900	-0.019862
-0.029800	-0.019862
-0.029700	0.079448
-0.029600	0.019862
-0.029500	0.000000
-0.029400	-0.039724
-0.029300	0.059586
-0.029200	0.039724
-0.029100	0.059586
-0.029000	-0.039724
-0.028900	0.039724
-0.028800	0.000000
-0.028700	-0.019862
-0.028600	-0.039724
-0.028500	-0.079448
-0.028400	0.000000
-0.028300	-0.059586
-0.028200	0.019862
-0.028100	0.019862
-0.028000	-0.039724
-0.027900	0.019862
-0.027800	0.000000
-0.027700	-0.019862
-0.027600	-0.019862
-0.027500	-0.019862
-0.027400	-0.019862
-0.027300	0.019862
-0.027200	-0.019862
-0.027100	-0.019862
-0.027000	-0.019862
-0.026900	-0.039724
-0.026800	-0.059586
-0.026700	0.000000
-0.026600	-0.059586
-0.026500	0.039724
-0.026400	-0.019862
-0.026300	-0.059586
-0.026200	0.059586
-0.026100	0.099310
-0.026000	0.099310
-0.025900	0.059586
-0.025800	-0.039724
-0.025700	-0.019862
-0.025600	-0.039724
-0.025500	0.039724
-0.025400	0.000000
-0.025300	0.119172
-0.025200	-0.019862
-0.025100	0.079448
-0.025000	0.039724
-0.024900	0.059586
-0.024800	0.019862
-0.024700	0.059586
-0.024600	0.019862
-0.024500	0.079448
-0.024400	-0.079448
-0.024300	-0.019862
-0.024200	0.000000
-0.024100	-0.039724
-0.024000	0.000000
-0.023900	-0.039724
-0.023800	0.000000
-0.023700	-0.019862
-0.023600	-0.019862
-0.023500	-0.019862
-0.023400	-0.019862
-0.023300	-0.059586
-0.023200	0.019862
-0.023100	0.000000
-0.023000	0.079448
-0.022900	0.039724
-0.022800	-0.039724
-0.022700	-0.039724
-0.022600	-0.019862
-0.022500	-0.059586
-0.022400	-0.019862
-0.022300	0.039724
-0.022200	0.000000
-0.022100	0.000000
-0.022000	0.059586
-0.021900	0.019862
-0.021800	0.000000
-0.021700	0.079448
-0.021600	-0.019862
-0.021500	-0.039724
-0.021400	0.000000
-0.021300	0.019862
-0.021200	0.059586
-0.021100	-0.039724
-0.021000	0.079448
-0.020900	-0.039724
-0.020800	-0.059586
-0.020700	0.000000
-0.020600	-0.039724
-0.020500	-0.059586
-0.020400	0.000000
-0.020300	0.039724
-0.020200	-0.019862
-0.020100	-0.039724
-0.020000	-0.039724
-0.019900	-0.039724
-0.019800	-0.079448
-0.019700	-0.019862
-0.019600	-0.059586
-0.019500	0.079448
-0.019400	-0.099310
-0.019300	0.059586
-0.019200	0.000000
-0.019100	0.019862
-0.019000	0.019862
-0.018900	-0.019862
-0.018800	-0.019862
-0.018700	0.039724
-0.018600	0.059586
-0.018500	0.079448
-0.018400	-0.039724
-0.018300	0.019862
-0.018200	0.039724
-0.018100	0.059586
-0.018000	0.099310
-0.017900	0.000000
-0.017800	0.019862
-0.017700	-0.039724
-0.017600	-0.039724
-0.017500	-0.079448
-0.017400	0.079448
-0.017300	0.000000
-0.017200	-0.019862
-0.017100	-0.019862
-0.017000	-0.039724
-0.016900	0.019862
-0.016800	-0.099310
-0.016700	0.139034
-0.016600	0.039724
-0.016500	0.039724
-0.016400	0.019862
-0.016300	0.039724
-0.016200	0.000000
-0.016100	0.039724
-0.016000	-0.019862
-0.015900	0.019862
-0.015800	0.019862
-0.015700	-0.039724
-0.015600	0.039724
-0.015500	0.000000
-0.015400	0.039724
-0.015300	0.039724
-0.015200	-0.019862
-0.015100	0.019862
-0.015000	0.019862
-0.014900	0.079448
-0.014800	-0.019862
-0.014700	-0.019862
-0.014600	0.079448
-0.014500	-0.119172
-0.014400	0.039724
-0.014300	0.019862
-0.014200	-0.039724
-0.014100	0.019862
-0.014000	0.019862
-0.013900	0.000000
-0.013800	0.000000
-0.013700	-0.019862
-0.013600	0.000000
-0.013500	0.019862
-0.013400	0.000000
-0.013300	0.059586
-0.013200	0.039724
-0.013100	-0.039724
-0.013000	0.039724
-0.012900	-0.039724
-0.012800	0.079448
-0.012700	-0.019862
-0.012600	0.039724
-0.012500	-0.019862
-0.012400	-0.039724
-0.012300	0.039724
-0.012200	-0.019862
-0.012100	0.019862
-0.012000	0.019862
-0.011900	0.079448
-0.011800	-0.019862
-0.011700	0.000000
-0.011600	0.019862
-0.011500	0.019862
-0.011400	0.039724
-0.011300	0.000000
-0.011200	-0.039724
-0.011100	-0.039724
-0.011000	-0.059586
-0.010900	-0.039724
-0.010800	0.019862
-0.010700	0.059586
-0.010600	0.039724
-0.010500	0.019862
-0.010400	0.139034
-0.010300	-0.039724
-0.010200	-0.039724
-0.010100	0.019862
-0.010000	-0.059586
-0.009900	-0.019862
-0.009800	0.059586
-0.009700	0.019862
-0.009600	-0.039724
-0.009500	-0.079448
-0.009400	0.000000
-0.009300	0.079448
-0.009200	-0.019862
-0.009100	-0.039724
-0.009000	-0.059586
-0.008900	-0.039724
-0.008800	0.019862
-0.008700	0.039724
-0.008600	-0.079448
-0.008500	-0.019862
-0.008400	0.000000
-0.008300	-0.039724
-0.008200	-0.059586
-0.008100	0.000000
-0.008000	0.000000
-0.007900	-0.039724
-0.007800	-0.039724
-0.007700	-0.039724
-0.007600	-0.099310
-0.007500	-0.039724
-0.007400	-0.039724
-0.007300	0.000000
-0.007200	0.059586
-0.007100	0.000000
-0.007000	-0.079448
-0.006900	0.019862
-0.006800	-0.059586
-0.006700	-0.059586
-0.006600	0.000000
-0.006500	-0.039724
-0.006400	0.059586
-0.006300	-0.099310
-0.006200	-0.039724
-0.006100	-0.099310
-0.006000	-0.059586
-0.005900	-0.039724
-0.005800	0.000000
-0.005700	0.000000
-0.005600	-0.079448
-0.005500	-0.019862
-0.005400	-0.119172
-0.005300	-0.019862
-0.005200	-0.059586
-0.005100	-0.019862
-0.005000	-0.059586
-0.004900	-0.019862
-0.004800	-0.039724
-0.004700	0.000000
-0.004600	-0.119172
-0.004500	-0.059586
-0.004400	0.000000
-0.004300	-0.059586
-0.004200	0.000000
-0.004100	-0.019862
-0.004000	-0.019862
-0.003900	0.000000
-0.003800	0.019862
-0.003700	0.000000
-0.003600	-0.039724
-0.003500	-0.039724
-0.003400	-0.019862
-0.003300	0.039724
-0.003200	0.019862
-0.003100	0.039724
-0.003000	-0.019862
-0.002900	-0.059586
-0.002800	-0.039724
-0.002700	0.019862
-0.002600	-0.059586
-0.002500	-0.158896
-0.002400	0.019862
-0.002300	-0.019862
-0.002200	-0.079448
-0.002100	0.039724
-0.002000	-0.019862
-0.001900	0.000000
-0.001800	0.039724
-0.001700	0.019862
-0.001600	-0.019862
-0.001500	0.019862
-0.001400	0.000000
-0.001300	-0.039724
-0.001200	0.079448
-0.001100	0.059586
-0.001000	-0.019862
-0.000900	0.039724
-0.000800	0.059586
-0.000700	-0.059586
-0.000600	0.019862
-0.000500	0.039724
-0.000400	0.039724
-0.000300	0.000000
-0.000200	-0.039724
-0.000100	-0.079448
0.000000	-0.059586
0.000100	-0.099310
0.000200	-0.119172
0.000300	-0.019862
0.000400	0.000000
0.000500	-0.019862
0.000600	-0.039724
0.000700	-0.019862
0.000800	0.039724
0.000900	0.059586
0.001000	-0.059586
0.001100	-0.039724
0.001200	-0.039724
0.001300	-0.019862
0.001400	-0.019862
0.001500	-0.079448
0.001600	-0.039724
0.001700	-0.079448
0.001800	-0.039724
0.001900	-0.039724
0.002000	0.019862
0.002100	-0.039724
0.002200	-0.099310
0.002300	-0.079448
0.002400	0.000000
0.002500	0.039724
0.002600	0.039724
0.002700	0.000000
0.002800	0.039724
0.002900	0.000000
0.003000	0.079448
0.003100	0.059586
0.003200	-0.019862
0.003300	-0.099310
0.003400	-0.139034
0.003500	-0.119172
0.003600	-0.059586
0.003700	-0.039724
0.003800	0.000000
0.003900	0.019862
0.004000	0.019862
0.004100	-0.039724
0.004200	-0.059586
0.004300	-0.019862
0.004400	-0.079448
0.004500	0.039724
0.004600	-0.039724
0.004700	-0.019862
0.004800	-0.059586
0.004900	-0.119172
0.005000	-0.039724
0.005100	-0.059586
0.005200	-0.099310
0.005300	-0.079448
0.005400	-0.059586
0.005500	-0.019862
0.005600	0.039724
0.005700	-0.019862
0.005800	-0.039724
0.005900	0.000000
0.006000	0.039724
0.006100	-0.019862
0.006200	-0.019862
0.006300	0.039724
0.006400	-0.079448
0.006500	-0.059586
0.006600	-0.019862
0.006700	-0.079448
0.006800	-0.019862
0.006900	-0.039724
0.007000	-0.039724
0.007100	0.000000
0.007200	0.079448
0.007300	-0.059586
0.007400	-0.079448
0.007500	-0.178758
0.007600	-0.119172
0.007700	-0.079448
0.007800	0.000000
0.007900	-0.039724
0.008000	-0.079448
0.008100	-0.139034
0.008200	-0.059586
0.008300	-0.139034
0.008400	-0.079448
0.008500	-0.079448
0.008600	-0.139034
0.008700	-0.158896
0.008800	-0.079448
0.008900	-0.139034
0.009000	-0.079448
0.009100	-0.039724
0.009200	-0.059586
0.009300	-0.019862
0.009400	-0.059586
0.009500	-0.099310
0.009600	-0.039724
0.009700	-0.139034
0.009800	-0.119172
0.009900	-0.059586
0.010000	-0.079448
0.010100	-0.119172
0.010200	-0.099310
0.010300	-0.079448
0.010400	-0.079448
0.010500	-0.099310
0.010600	-0.198620
0.010700	-0.139034
0.010800	-0.158896
0.010900	-0.119172
0.011000	-0.039724
0.011100	-0.059586
0.011200	-0.079448
0.011300	-0.079448
0.011400	-0.119172
0.011500	-0.079448
0.011600	-0.119172
0.011700	-0.079448
0.011800	-0.099310
0.011900	-0.039724
0.012000	-0.099310
0.012100	-0.139034
0.012200	-0.079448
0.012300	-0.059586
0.012400	-0.158896
0.012500	-0.099310
0.012600	-0.059586
0.012700	-0.019862
0.012800	-0.139034
0.012900	-0.119172
0.013000	-0.238344
0.013100	-0.139034
0.013200	-0.099310
0.013300	0.019862
0.013400	-0.019862
0.013500	-0.158896
0.013600	-0.039724
0.013700	0.158896
0.013800	-0.079448
0.013900	-0.019862
0.014000	0.039724
0.014100	-0.278068
0.014200	-0.317792
0.014300	0.000000
0.014400	-0.357516
0.014500	-0.476688
0.014600	-0.178758
0.014700	-0.019862
0.014800	-0.158896
0.014900	-0.079448
0.015000	-0.079448
0.015100	-0.278068
0.015200	0.059586
0.015300	0.039724
0.015400	-0.158896
0.015500	-0.119172
0.015600	-0.158896
0.015700	-0.297930
0.015800	-0.258206
0.015900	-0.039724
0.016000	-0.099310
0.016100	-0.139034
0.016200	-0.099310
0.016300	-0.238344
0.016400	-0.377378
0.016500	-0.258206
0.016600	-0.238344
0.016700	-0.178758
0.016800	-0.079448
0.016900	0.019862
0.017000	-0.079448
0.017100	0.000000
0.017200	-0.019862
0.017300	-0.079448
0.017400	-0.198620
0.017500	-0.258206
0.017600	-0.238344
0.017700	-0.238344
0.017800	-0.198620
0.017900	-0.238344
0.018000	-0.258206
0.018100	-0.238344
0.018200	-0.178758
0.018300	-0.158896
0.018400	-0.019862
0.018500	-0.099310
0.018600	-0.139034
0.018700	-0.139034
0.018800	-0.139034
0.018900	-0.397240
0.019000	-0.218482
0.019100	-0.278068
0.019200	-0.436964
0.019300	-0.595860
0.019400	-0.595860
0.019500	-0.993100
0.019600	-1.052690
0.019700	-0.734894
0.019800	-0.734894
0.019900	-1.032820
0.020000	-0.933514
0.020100	-0.834204
0.020200	-0.834204
0.020300	-0.834204
0.020400	-1.330750
0.020500	-1.588960
0.020600	-1.271170
0.020700	-0.754756
0.020800	-0.218482
0.020900	0.476688
0.021000	0.198620
0.021100	-1.132130
0.021200	-0.834204
0.021300	-0.496550
0.021400	-0.417102
0.021500	0.317792
0.021600	-0.059586
0.021700	-0.357516
0.021800	0.556136
0.021900	0.476688
0.022000	-1.350620
0.022100	-0.973238
0.022200	0.873928
0.022300	1.330750
0.022400	1.569100
0.022500	0.854066
0.022600	-0.794480
0.022700	-1.052690
0.022800	0.019862
0.022900	0.476688
0.023000	0.734894
0.023100	1.390340
0.023200	0.953376
0.023300	0.079448
0.023400	-0.218482
0.023500	0.019862
0.023600	-0.079448
0.023700	0.695170
0.023800	1.092410
0.023900	-0.119172
0.024000	0.297930
0.024100	1.628680
0.024200	1.032820
0.024300	0.575998
0.024400	0.595860
0.024500	-0.675308
0.024600	-0.357516
0.024700	1.191720
0.024800	-0.834204
0.024900	-1.946480
0.025000	1.390340
0.025100	1.727990
0.025200	-1.469790
0.025300	0.595860
0.025400	1.469790
0.025500	-1.370480
0.025600	0.258206
0.025700	2.224540
0.025800	-0.337654
0.025900	-0.496550
0.026000	1.588960
0.026100	-0.278068
0.026200	-1.291030
0.026300	1.807440
0.026400	2.343720
0.026500	-0.178758
0.026600	0.496550
0.026700	1.052690
0.026800	-0.238344
0.026900	-0.178758
0.027000	-0.496550
0.027100	-1.767720
0.027200	-0.436964
0.027300	1.231440
0.027400	-0.119172
0.027500	-0.854066
0.027600	0.079448
0.027700	-0.496550
0.027800	-0.695170
0.027900	0.933514
0.028000	0.139034
0.028100	-1.350620
0.028200	-0.417102
0.028300	0.317792
0.028400	-0.476688
0.028500	-0.337654
0.028600	-0.158896
0.028700	-0.377378
0.028800	-0.139034
0.028900	0.397240
0.029000	-0.158896
0.029100	-1.509510
0.029200	-0.635584
0.029300	0.615722
0.029400	-0.317792
0.029500	-0.993100
0.029600	-0.218482
0.029700	-0.218482
0.029800	-0.893790
0.029900	-1.152000
0.030000	-1.152000
0.030100	-0.556136
0.030200	-0.516412
0.030300	-0.397240
0.030400	-0.615722
0.030500	-1.489650
0.030600	-1.827300
0.030700	-0.695170
0.030800	-0.675308
0.030900	-2.006060
0.031000	-1.648550
0.031100	-0.595860
0.031200	-1.708130
0.031300	-1.529370
0.031400	-0.436964
0.031500	-0.953376
0.031600	-0.893790
0.031700	0.039724
0.031800	-0.357516
0.031900	-1.569100
0.032000	-1.231440
0.032100	-0.734894
0.032200	-1.430060
0.032300	-1.390340
0.032400	-0.556136
0.032500	-1.112270
0.032600	-1.410200
0.032700	-1.112270
0.032800	-1.072550
0.032900	-0.973238
0.033000	-0.873928
0.033100	-0.655446
0.033200	-0.873928
0.033300	-0.635584
0.033400	0.019862
0.033500	-0.675308
0.033600	-2.145100
0.033700	-2.065650
0.033800	0.039724
0.033900	0.854066
0.034000	-0.516412
0.034100	-1.072550
0.034200	-1.330750
0.034300	-1.688270
0.034400	-1.807440
0.034500	-1.251310
0.034600	-1.668410
0.034700	-2.562200
0.034800	-2.164960
0.034900	-1.330750
0.035000	-1.588960
0.035100	-2.740960
0.035200	-2.641650
0.035300	-1.350620
0.035400	-1.072550
0.035500	-1.449930
0.035600	-1.152000
0.035700	-1.588960
0.035800	-2.343720
0.035900	-1.886890
0.036000	-2.085510
0.036100	-3.158060
0.036200	-2.284130
0.036300	-1.291030
0.036400	-1.986200
0.036500	-1.529370
0.036600	-1.052690
0.036700	-2.423160
0.036800	-2.204680
0.036900	-0.754756
0.037000	-1.688270
0.037100	-2.582060
0.037200	-1.032820
0.037300	-0.754756
0.037400	-1.886890
0.037500	-1.231440
0.037600	-0.556136
0.037700	-2.025920
0.037800	-2.025920
0.037900	-0.973238
0.038000	-1.549240
0.038100	-1.688270
0.038200	-0.893790
0.038300	-1.231440
0.038400	-1.926610
0.038500	-1.549240
0.038600	-1.291030
0.038700	-1.529370
0.038800	-1.231440
0.038900	-1.191720
0.039000	-1.608820
0.039100	-1.330750
0.039200	-1.251310
0.039300	-1.847170
0.039400	-1.986200
0.039500	-1.588960
0.039600	-1.608820
0.039700	-1.986200
0.039800	-1.807440
0.039900	-1.489650
0.040000	-1.132130
0.040100	-0.655446
0.040200	-0.317792
0.040300	-0.556136
0.040400	-0.595860
0.040500	-0.238344
0.040600	0.099310
0.040700	-0.218482
0.040800	-0.436964
0.040900	-0.357516
0.041000	-0.397240
0.041100	-0.337654
0.041200	-0.198620
0.041300	-0.456826
0.041400	-0.675308
0.041500	-0.893790
0.041600	-1.370480
0.041700	-1.688270
0.041800	-1.708130
0.041900	-1.529370
0.042000	-1.708130
0.042100	-1.588960
0.042200	-1.211580
0.042300	-1.052690
0.042400	-1.112270
0.042500	-0.893790
0.042600	-1.012960
0.042700	-1.072550
0.042800	-0.873928
0.042900	-0.794480
0.043000	-0.516412
0.043100	-0.397240
0.043200	-0.595860
0.043300	-0.655446
0.043400	-0.834204
0.043500	-1.350620
0.043600	-1.430060
0.043700	-1.410200
0.043800	-1.449930
0.043900	-1.529370
0.044000	-1.787580
0.044100	-2.204680
0.044200	-2.065650
0.044300	-1.588960
0.044400	-1.688270
0.044500	-1.966340
0.044600	-2.145100
0.044700	-2.363580
0.044800	-2.065650
0.044900	-1.807440
0.045000	-2.145100
0.045100	-2.601920
0.045200	-2.264270
0.045300	-1.271170
0.045400	-1.211580
0.045500	-1.708130
0.045600	-1.350620
0.045700	-1.747860
0.045800	-2.204680
0.045900	-1.231440
0.046000	-1.032820
0.046100	-1.569100
0.046200	-1.847170
0.046300	-1.668410
0.046400	-1.489650
0.046500	-1.310890
0.046600	-1.509510
0.046700	-1.767720
0.046800	-1.688270
0.046900	-1.509510
0.047000	-1.827300
0.047100	-1.807440
0.047200	-1.787580
0.047300	-1.390340
0.047400	-0.893790
0.047500	-1.072550
0.047600	-1.469790
0.047700	-1.231440
0.047800	-0.635584
0.047900	-0.536274
0.048000	-1.072550
0.048100	-1.330750
0.048200	-1.668410
0.048300	-1.449930
0.048400	-0.814342
0.048500	-0.993100
0.048600	-1.807440
0.048700	-1.867030
0.048800	-1.469790
0.048900	-1.370480
0.049000	-2.164960
0.049100	-2.462890
0.049200	-1.867030
0.049300	-1.767720
0.049400	-1.946480
0.049500	-1.906750
0.049600	-1.628680
0.049700	-1.767720
0.049800	-1.847170
0.049900	-1.847170
0.050000	-1.926610
0.050100	-1.449930
0.050200	-0.893790
0.050300	-1.052690
0.050400	-1.350620
0.050500	-0.993100
0.050600	-0.814342
0.050700	-0.754756
0.050800	-0.397240
0.050900	-0.635584
0.051000	-0.953376
0.051100	-0.834204
0.051200	-0.218482
0.051300	-0.297930
0.051400	-0.377378
0.051500	-0.278068
0.051600	-0.496550
0.051700	-0.595860
0.051800	-0.099310
0.051900	0.198620
0.052000	-0.099310
0.052100	-0.536274
0.052200	-0.198620
0.052300	0.456826
0.052400	0.675308
0.052500	0.496550
0.052600	0.456826
0.052700	0.417102
0.052800	0.278068
0.052900	0.297930
0.053000	0.436964
0.053100	0.575998
0.053200	0.476688
0.053300	0.357516
0.053400	0.655446
0.053500	0.655446
0.053600	0.357516
0.053700	0.337654
0.053800	0.556136
0.053900	0.317792
0.054000	0.258206
0.054100	0.436964
0.054200	0.139034
0.054300	0.119172
0.054400	0.317792
0.054500	0.436964
0.054600	0.238344
0.054700	0.139034
0.054800	0.079448
0.054900	-0.079448
0.055000	-0.178758
0.055100	-0.099310
0.055200	-0.099310
0.055300	-0.456826
0.055400	-0.119172
0.055500	0.397240
0.055600	0.238344
0.055700	-0.119172
0.055800	0.139034
0.055900	-0.019862
0.056000	-0.536274
0.056100	-0.079448
0.056200	0.635584
0.056300	0.556136
0.056400	0.317792
0.056500	0.695170
0.056600	0.893790
0.056700	0.456826
0.056800	-0.019862
0.056900	0.337654
0.057000	0.675308
0.057100	0.417102
0.057200	0.139034
0.057300	0.397240
0.057400	0.675308
0.057500	0.655446
0.057600	0.516412
0.057700	0.417102
0.057800	0.377378
0.057900	0.615722
0.058000	0.417102
0.058100	0.297930
0.058200	0.516412
0.058300	0.516412
0.058400	0.238344
0.058500	0.198620
0.058600	0.158896
0.058700	0.317792
0.058800	0.258206
0.058900	0.317792
0.059000	0.357516
0.059100	0.377378
0.059200	0.397240
0.059300	0.595860
0.059400	0.913652
0.059500	0.893790
0.059600	0.715032
0.059700	0.476688
0.059800	0.337654
0.059900	0.258206
0.060000	-0.019862
0.060100	-0.218482
0.060200	-0.357516
0.060300	-0.297930
0.060400	-0.238344
0.060500	-0.139034
0.060600	-0.139034
0.060700	-0.357516
0.060800	-0.218482
0.060900	0.039724
0.061000	-0.238344
0.061100	-0.317792
0.061200	-0.198620
0.061300	-0.436964
0.061400	-0.278068
0.061500	0.317792
0.061600	-0.059586
0.061700	-0.278068
0.061800	0.158896
0.061900	0.039724
0.062000	-0.158896
0.062100	0.059586
0.062200	0.139034
0.062300	0.099310
0.062400	-0.039724
0.062500	-0.039724
0.062600	0.059586
0.062700	0.158896
0.062800	0.178758
0.062900	0.178758
0.063000	0.278068
0.063100	0.357516
0.063200	0.238344
0.063300	0.158896
0.063400	0.575998
0.063500	0.933514
0.063600	0.635584
0.063700	0.139034
0.063800	0.079448
0.063900	0.218482
0.064000	0.397240
0.064100	0.734894
0.064200	0.734894
0.064300	0.675308
0.064400	1.012960
0.064500	0.854066
0.064600	0.357516
0.064700	0.377378
0.064800	0.536274
0.064900	0.158896
0.065000	0.158896
0.065100	0.536274
0.065200	0.754756
0.065300	1.092410
0.065400	1.052690
0.065500	0.655446
0.065600	1.112270
0.065700	1.410200
0.065800	0.794480
0.065900	0.337654
0.066000	0.258206
0.066100	0.854066
0.066200	1.608820
0.066300	0.774618
0.066400	-0.556136
0.066500	-0.039724
0.066600	0.774618
0.066700	1.032820
0.066800	1.747860
0.066900	2.343720
0.067000	1.926610
0.067100	1.430060
0.067200	1.787580
0.067300	1.767720
0.067400	1.231440
0.067500	1.787580
0.067600	2.363580
0.067700	1.708130
0.067800	1.430060
0.067900	2.184820
0.068000	2.582060
0.068100	2.462890
0.068200	2.423160
0.068300	2.343720
0.068400	2.343720
0.068500	2.343720
0.068600	2.343720
0.068700	1.986200
0.068800	1.787580
0.068900	1.946480
0.069000	1.906750
0.069100	1.350620
0.069200	1.330750
0.069300	1.847170
0.069400	1.926610
0.069500	1.787580
0.069600	1.708130
0.069700	1.569100
0.069800	1.827300
0.069900	2.045790
0.070000	1.926610
0.070100	2.105370
0.070200	2.065650
0.070300	2.105370
0.070400	2.621780
0.070500	2.721090
0.070600	2.085510
0.070700	2.164960
0.070800	2.562200
0.070900	2.621780
0.071000	2.601920
0.071100	2.760820
0.071200	2.840270
0.071300	2.919710
0.071400	2.780680
0.071500	3.038890
0.071600	3.138200
0.071700	3.019020
0.071800	3.416260
0.071900	4.051850
0.072000	3.495710
0.072100	2.621780
0.072200	3.098470
0.072300	3.873090
0.072400	4.131300
0.072500	3.853230
0.072600	2.919710
0.072700	2.919710
0.072800	3.455990
0.072900	3.595020
0.073000	3.853230
0.073100	4.290190
0.073200	4.151160
0.073300	3.297090
0.073400	3.138200
0.073500	4.210740
0.073600	4.707290
0.073700	4.210740
0.073800	3.595020
0.073900	5.323020
0.074000	8.063970
0.074100	6.753080
0.074200	3.138200
0.074300	3.058750
0.074400	4.051850
0.074500	3.515570
0.074600	4.588120
0.074700	5.402460
0.074800	3.177920
0.074900	2.184820
0.075000	4.210740
0.075100	4.687430
0.075200	3.177920
0.075300	2.244410
0.075400	2.582060
0.075500	3.316950
0.075600	4.012120
0.075700	4.468950
0.075800	4.290190
0.075900	4.349780
0.076000	3.912810
0.076100	3.734060
0.076200	4.031990
0.076300	4.687430
0.076400	5.680530
0.076500	5.124400
0.076600	3.336820
0.076700	3.515570
0.076800	4.270330
0.076900	4.171020
0.077000	4.171020
0.077100	3.813500
0.077200	2.760820
0.077300	2.383440
0.077400	3.316950
0.077500	4.747020
0.077600	4.667570
0.077700	4.012120
0.077800	4.210740
0.077900	4.468950
0.078000	4.766880
0.078100	5.084670
0.078200	4.707290
0.078300	4.131300
0.078400	3.654610
0.078500	3.793640
0.078600	4.210740
0.078700	4.111430
0.078800	2.999160
0.078900	3.416260
0.079000	4.488810
0.079100	4.051850
0.079200	3.336820
0.079300	3.038890
0.079400	3.634750
0.079500	4.607980
0.079600	4.012120
0.079700	2.860130
0.079800	3.177920
0.079900	3.932680
0.080000	4.190880
0.080100	4.349780
0.080200	4.190880
0.080300	3.753920
0.080400	4.151160
0.080500	4.925780
0.080600	5.819570
0.080700	5.481910
0.080800	3.952540
0.080900	3.197780
0.081000	3.694330
0.081100	4.548400
0.081200	5.422330
0.081300	5.740120
0.081400	5.402460
0.081500	5.124400
0.081600	4.786740
0.081700	4.786740
0.081800	5.104530
0.081900	5.064810
0.082000	5.084670
0.082100	5.422330
0.082200	5.263430
0.082300	4.747020
0.082400	4.806600
0.082500	4.905910
0.082600	4.409360
0.082700	4.349780
0.082800	5.005220
0.082900	5.124400
0.083000	4.727160
0.083100	4.607980
0.083200	4.985360
0.083300	5.442190
0.083400	5.640810
0.083500	5.263430
0.083600	5.084670
0.083700	5.283290
0.083800	5.263430
0.083900	5.342880
0.084000	5.581220
0.084100	5.323020
0.084200	5.144260
0.084300	5.680530
0.084400	6.157220
0.084500	6.097630
0.084600	6.177080
0.084700	6.375700
0.084800	5.859290
0.084900	5.998320
0.085000	6.951700
0.085100	6.931840
0.085200	6.316120
0.085300	6.475010
0.085400	7.130460
0.085500	7.627010
0.085600	7.785900
0.085700	7.607150
0.085800	7.368800
0.085900	7.607150
0.086000	7.944800
0.086100	7.905080
0.086200	7.825630
0.086300	7.944800
0.086400	8.282450
0.086500	8.481070
0.086600	8.481070
0.086700	8.461210
0.086800	8.580380
0.086900	8.699560
0.087000	9.235830
0.087100	9.454310
0.087200	9.374860
0.087300	9.533760
0.087400	9.593350
0.087500	9.553620
0.087600	9.553620
0.087700	9.474170
0.087800	9.374860
0.087900	9.494040
0.088000	9.811830
0.088100	10.050200
0.088200	9.871410
0.088300	9.732380
0.088400	10.189200
0.088500	10.348100
0.088600	10.407700
0.088700	10.387800
0.088800	10.447400
0.088900	10.487100
0.089000	10.626200
0.089100	10.685800
0.089200	10.844700
0.089300	11.003500
0.089400	11.043300
0.089500	11.341200
0.089600	11.639100
0.089700	11.599400
0.089800	11.817900
0.089900	12.155500
0.090000	12.135700
0.090100	11.996600
0.090200	11.937100
0.090300	11.996600
0.090400	12.036400
0.090500	11.996600
0.090600	12.175400
0.090700	12.552800
0.090800	12.672000
0.090900	12.592500
0.091000	12.552800
0.091100	12.691800
0.091200	12.691800
0.091300	12.731500
0.091400	12.910300
0.091500	12.811000
0.091600	12.811000
0.091700	12.870600
0.091800	12.731500
0.091900	12.691800
0.092000	12.731500
0.092100	12.771300
0.092200	12.731500
0.092300	12.811000
0.092400	12.791100
0.092500	12.731500
0.092600	12.731500
0.092700	12.930200
0.092800	12.930200
0.092900	12.691800
0.093000	12.592500
0.093100	12.731500
0.093200	12.751400
0.093300	12.751400
0.093400	12.791100
0.093500	12.969900
0.093600	12.771300
0.093700	12.811000
0.093800	12.672000
0.093900	12.632200
0.094000	12.473300
0.094100	12.493200
0.094200	12.532900
0.094300	12.572600
0.094400	12.413700
0.094500	12.354200
0.094600	12.274700
0.094700	12.393900
0.094800	12.413700
0.094900	12.374000
0.095000	12.254900
0.095100	12.235000
0.095200	12.413700
0.095300	12.592500
0.095400	12.473300
0.095500	12.294600
0.095600	12.413700
0.095700	12.433600
0.095800	12.354200
0.095900	12.513100
0.096000	12.413700
0.096100	12.274700
0.096200	12.314400
0.096300	12.294600
0.096400	12.254900
0.096500	12.294600
0.096600	12.235000
0.096700	12.155500
0.096800	12.076100
0.096900	12.135700
0.097000	12.215100
0.097100	12.155500
0.097200	12.195300
0.097300	12.215100
0.097400	12.195300
0.097500	12.354200
0.097600	12.453500
0.097700	12.215100
0.097800	12.175400
0.097900	12.096000
0.098000	11.996600
0.098100	11.917200
0.098200	12.096000
0.098300	12.056200
0.098400	11.937100
0.098500	11.976800
0.098600	12.016500
0.098700	11.698700
0.098800	11.798000
0.098900	12.036400
0.099000	11.937100
0.099100	11.877500
0.099200	12.056200
0.099300	11.996600
0.099400	11.996600
0.099500	11.857600
0.099600	11.837800
0.099700	11.956900
0.099800	11.778200
0.099900	11.599400
0.100000	11.738400
0.100100	11.718600
0.100200	11.678900
0.100300	11.639100
0.100400	11.659000
0.100500	11.659000
0.100600	11.400800
0.100700	11.281600
0.100800	11.162400
0.100900	11.182300
0.101000	11.281600
0.101100	11.202200
0.101200	11.241900
0.101300	11.301500
0.101400	10.884400
0.101500	10.606300
0.101600	10.626200
0.101700	10.725500
0.101800	10.725500
0.101900	10.566600
0.102000	10.566600
0.102100	10.546700
0.102200	10.507000
0.102300	10.248800
0.102400	10.268700
0.102500	10.328200
0.102600	10.248800
0.102700	10.169300
0.102800	10.089900
0.102900	10.030300
0.103000	10.030300
0.103100	10.209100
0.103200	10.089900
0.103300	9.811830
0.103400	9.831690
0.103500	9.732380
0.103600	9.772100
0.103700	9.891280
0.103800	9.732380
0.103900	9.533760
0.104000	9.573480
0.104100	9.513900
0.104200	9.295420
0.104300	9.315280
0.104400	9.335140
0.104500	9.275550
0.104600	9.355000
0.104700	9.394730
0.104800	9.136520
0.104900	8.779000
0.105000	8.798870
0.105100	8.957760
0.105200	8.878310
0.105300	8.937900
0.105400	8.937900
0.105500	8.818730
0.105600	8.699560
0.105700	8.659830
0.105800	8.739280
0.105900	8.580380
0.106000	8.322180
0.106100	8.143420
0.106200	8.203010
0.106300	8.242730
0.106400	8.203010
0.106500	8.163280
0.106600	8.044110
0.106700	7.984520
0.106800	8.024250
0.106900	8.024250
0.107000	7.905080
0.107100	7.944800
0.107200	7.924940
0.107300	7.785900
0.107400	7.766040
0.107500	7.865350
0.107600	7.726320
0.107700	7.666730
0.107800	7.686590
0.107900	7.468110
0.108000	7.507840
0.108100	7.428390
0.108200	7.229770
0.108300	7.229770
0.108400	7.388660
0.108500	7.289350
0.108600	7.150320
0.108700	7.190040
0.108800	7.110600
0.108900	7.070870
0.109000	7.051010
0.109100	7.011290
0.109200	6.832530
0.109300	6.792800
0.109400	6.852390
0.109500	6.852390
0.109600	6.832530
0.109700	6.812670
0.109800	6.475010
0.109900	6.494870
0.110000	6.494870
0.110100	6.415430
0.110200	6.355840
0.110300	6.415430
0.110400	6.196940
0.110500	6.177080
0.110600	6.177080
0.110700	6.196940
0.110800	6.077770
0.110900	6.137360
0.111000	5.958600
0.111100	5.859290
0.111200	5.938740
0.111300	5.918880
0.111400	5.839430
0.111500	5.839430
0.111600	5.779840
0.111700	5.720260
0.111800	5.759980
0.111900	5.581220
0.112000	5.521640
0.112100	5.620950
0.112200	5.481910
0.112300	5.323020
0.112400	5.342880
0.112500	5.342880
0.112600	5.323020
0.112700	5.243570
0.112800	5.223710
0.112900	5.323020
0.113000	5.382600
0.113100	5.323020
0.113200	5.223710
0.113300	5.164120
0.113400	5.183980
0.113500	5.183980
0.113600	5.064810
0.113700	5.025090
0.113800	4.886050
0.113900	4.826470
0.114000	4.945640
0.114100	4.905910
0.114200	4.786740
0.114300	4.727160
0.114400	4.647710
0.114500	4.508670
0.114600	4.508670
0.114700	4.548400
0.114800	4.488810
0.114900	4.488810
0.115000	4.627850
0.115100	4.468950
0.115200	4.389500
0.115300	4.369640
0.115400	4.369640
0.115500	4.389500
0.115600	4.488810
0.115700	4.627850
0.115800	4.488810
0.115900	3.952540
0.116000	3.912810
0.116100	4.131300
0.116200	4.329920
0.116300	4.349780
0.116400	4.111430
0.116500	3.972400
0.116600	3.992260
0.116700	4.091570
0.116800	3.932680
0.116900	3.813500
0.117000	3.654610
0.117100	3.595020
0.117200	3.773780
0.117300	3.873090
0.117400	3.734060
0.117500	3.773780
0.117600	3.714190
0.117700	3.773780
0.117800	3.793640
0.117900	3.773780
0.118000	3.734060
0.118100	3.753920
0.118200	3.853230
0.118300	3.694330
0.118400	3.773780
0.118500	3.734060
0.118600	3.674470
0.118700	3.714190
0.118800	3.853230
0.118900	3.694330
0.119000	3.674470
0.119100	3.694330
0.119200	3.634750
0.119300	3.515570
0.119400	3.555300
0.119500	3.634750
0.119600	3.753920
0.119700	3.694330
0.119800	3.595020
0.119900	3.595020
0.120000	3.595020
0.120100	3.495710
0.120200	3.495710
0.120300	3.475850
0.120400	3.356680
0.120500	3.336820
0.120600	3.356680
0.120700	3.376540
0.120800	3.436130
0.120900	3.475850
0.121000	3.495710
0.121100	3.475850
0.121200	3.455990
0.121300	3.455990
0.121400	3.396400
0.121500	3.356680
0.121600	3.416260
0.121700	3.416260
0.121800	3.376540
0.121900	3.316950
0.122000	3.316950
0.122100	3.277230
0.122200	3.277230
0.122300	3.316950
0.122400	3.316950
0.122500	3.257370
0.122600	3.277230
0.122700	3.197780
0.122800	3.158060
0.122900	3.118330
0.123000	3.138200
0.123100	3.197780
0.123200	3.177920
0.123300	3.019020
0.123400	3.158060
0.123500	2.999160
0.123600	2.999160
0.123700	3.118330
0.123800	2.979300
0.123900	2.899850
0.124000	2.919710
0.124100	2.999160
0.124200	2.919710
0.124300	2.860130
0.124400	2.939580
0.124500	3.019020
0.124600	2.959440
0.124700	2.919710
0.124800	2.899850
0.124900	2.860130
0.125000	2.959440
0.125100	3.019020
0.125200	2.879990
0.125300	2.721090
0.125400	2.641650
0.125500	2.760820
0.125600	2.840270
0.125700	2.760820
0.125800	2.641650
0.125900	2.760820
0.126000	2.780680
0.126100	2.661510
0.126200	2.661510
0.126300	2.820400
0.126400	2.840270
0.126500	2.860130
0.126600	2.800540
0.126700	2.681370
0.126800	2.582060
0.126900	2.601920
0.127000	2.582060
0.127100	2.701230
0.127200	2.601920
0.127300	2.721090
0.127400	2.760820
0.127500	2.760820
0.127600	2.621780
0.127700	2.542340
0.127800	2.621780
0.127900	2.562200
0.128000	2.641650
0.128100	2.661510
0.128200	2.641650
0.128300	2.661510
0.128400	2.542340
0.128500	2.641650
0.128600	2.562200
0.128700	2.601920
0.128800	2.502610
0.128900	2.562200
0.129000	2.621780
0.129100	2.562200
0.129200	2.582060
0.129300	2.542340
0.129400	2.502610
0.129500	2.423160
0.129600	2.502610
0.129700	2.740960
0.129800	2.780680
0.129900	2.403300
0.130000	2.423160
0.130100	2.482750
0.130200	2.423160
0.130300	2.303990
0.130400	2.363580
0.130500	2.383440
0.130600	2.343720
0.130700	2.284130
0.130800	2.363580
0.130900	2.383440
0.131000	2.323850
0.131100	2.284130
0.131200	2.323850
0.131300	2.423160
0.131400	2.323850
0.131500	2.323850
0.131600	2.244410
0.131700	2.244410
0.131800	2.284130
0.131900	2.264270
0.132000	2.145100
0.132100	2.204680
0.132200	2.244410
0.132300	2.264270
0.132400	2.125230
0.132500	2.204680
0.132600	2.184820
0.132700	2.145100
0.132800	2.204680
0.132900	2.303990
0.133000	2.164960
0.133100	2.145100
0.133200	2.125230
0.133300	2.204680
0.133400	2.125230
0.133500	2.085510
0.133600	2.065650
0.133700	2.025920
0.133800	2.045790
0.133900	1.966340
0.134000	1.986200
0.134100	1.906750
0.134200	1.827300
0.134300	1.966340
0.134400	2.025920
0.134500	2.065650
0.134600	2.105370
0.134700	2.065650
0.134800	1.926610
0.134900	1.847170
0.135000	1.946480
0.135100	2.045790
0.135200	2.025920
0.135300	1.986200
0.135400	1.926610
0.135500	2.006060
0.135600	1.906750
0.135700	1.847170
0.135800	1.886890
0.135900	1.827300
0.136000	1.847170
0.136100	1.787580
0.136200	1.847170
0.136300	1.787580
0.136400	1.747860
0.136500	1.727990
0.136600	1.668410
0.136700	1.648550
0.136800	1.688270
0.136900	1.688270
0.137000	1.708130
0.137100	1.807440
0.137200	1.787580
0.137300	1.688270
0.137400	1.648550
0.137500	1.588960
0.137600	1.628680
0.137700	1.668410
0.137800	1.588960
0.137900	1.569100
0.138000	1.529370
0.138100	1.489650
0.138200	1.449930
0.138300	1.469790
0.138400	1.330750
0.138500	1.211580
0.138600	1.310890
0.138700	1.390340
0.138800	1.410200
0.138900	1.310890
0.139000	1.310890
0.139100	1.271170
0.139200	1.271170
0.139300	1.191720
0.139400	1.211580
0.139500	1.152000
0.139600	1.132130
0.139700	1.191720
0.139800	1.251310
0.139900	1.052690
0.140000	0.913652
0.140100	0.794480
0.140200	0.993100
0.140300	1.191720
0.140400	1.052690
0.140500	1.032820
0.140600	0.933514
0.140700	0.913652
0.140800	0.695170
0.140900	0.655446
0.141000	0.754756
0.141100	0.933514
0.141200	0.873928
0.141300	0.774618
0.141400	0.794480
0.141500	0.854066
0.141600	0.814342
0.141700	0.794480
0.141800	0.715032
0.141900	0.536274
0.142000	0.695170
0.142100	0.695170
0.142200	0.575998
0.142300	0.655446
0.142400	0.873928
0.142500	0.794480
0.142600	0.774618
0.142700	0.695170
0.142800	0.675308
0.142900	0.734894
0.143000	0.635584
0.143100	0.655446
0.143200	0.734894
0.143300	0.854066
0.143400	0.695170
0.143500	0.575998
0.143600	0.575998
0.143700	0.675308
0.143800	0.675308
0.143900	0.715032
0.144000	0.695170
0.144100	0.774618
0.144200	0.715032
0.144300	0.774618
0.144400	0.516412
0.144500	0.556136
0.144600	0.516412
0.144700	0.595860
0.144800	0.655446
0.144900	0.675308
0.145000	0.476688
0.145100	0.397240
0.145200	0.377378
0.145300	0.417102
0.145400	0.516412
0.145500	0.496550
0.145600	0.357516
0.145700	0.436964
0.145800	0.595860
0.145900	0.635584
0.146000	0.476688
0.146100	0.417102
0.146200	0.417102
0.146300	0.357516
0.146400	0.456826
0.146500	0.516412
0.146600	0.635584
0.146700	0.635584
0.146800	0.536274
0.146900	0.575998
0.147000	0.556136
0.147100	0.556136
0.147200	0.476688
0.147300	0.436964
0.147400	0.456826
0.147500	0.615722
0.147600	0.476688
0.147700	0.496550
0.147800	0.556136
0.147900	0.516412
0.148000	0.516412
0.148100	0.436964
0.148200	0.417102
0.148300	0.357516
0.148400	0.337654
0.148500	0.317792
0.148600	0.297930
0.148700	0.377378
0.148800	0.417102
0.148900	0.456826
0.149000	0.377378
0.149100	0.317792
0.149200	0.436964
0.149300	0.357516
0.149400	0.278068
0.149500	0.278068
0.149600	0.278068
0.149700	0.238344
0.149800	0.297930
0.149900	0.238344
0.150000	0.119172
0.150100	0.139034
0.150200	0.099310
0.150300	0.258206
0.150400	0.258206
0.150500	0.198620
0.150600	0.198620
0.150700	0.218482
0.150800	0.079448
0.150900	0.139034
0.151000	0.317792
0.151100	0.377378
0.151200	0.436964
0.151300	0.377378
0.151400	0.238344
0.151500	0.238344
0.151600	0.258206
0.151700	0.337654
0.151800	0.278068
0.151900	0.198620
0.152000	0.218482
0.152100	0.258206
0.152200	0.297930
0.152300	0.258206
0.152400	0.099310
0.152500	0.158896
0.152600	0.238344
0.152700	0.258206
0.152800	0.258206
0.152900	0.218482
0.153000	0.079448
0.153100	0.139034
0.153200	-0.079448
0.153300	-0.278068
0.153400	-0.198620
0.153500	0.158896
0.153600	0.357516
0.153700	0.278068
0.153800	0.317792
0.153900	0.297930
0.154000	0.317792
0.154100	0.337654
0.154200	0.258206
0.154300	0.258206
0.154400	0.258206
0.154500	0.178758
0.154600	0.218482
0.154700	0.178758
0.154800	0.158896
0.154900	0.198620
0.155000	0.238344
0.155100	0.158896
0.155200	0.079448
0.155300	0.158896
0.155400	0.218482
0.155500	0.178758
0.155600	0.119172
0.155700	0.119172
0.155800	0.158896
0.155900	0.139034
0.156000	0.099310
0.156100	-0.019862
0.156200	0.158896
0.156300	0.377378
0.156400	0.417102
0.156500	0.238344
0.156600	0.059586
0.156700	0.139034
0.156800	0.198620
0.156900	0.139034
0.157000	0.238344
0.157100	0.278068
0.157200	0.258206
0.157300	0.297930
0.157400	0.178758
0.157500	0.079448
0.157600	0.079448
0.157700	0.258206
0.157800	0.218482
0.157900	0.258206
0.158000	0.218482
0.158100	0.198620
0.158200	0.238344
0.158300	0.079448
0.158400	0.039724
0.158500	0.119172
0.158600	0.158896
0.158700	0.178758
0.158800	0.218482
0.158900	0.238344
0.159000	0.238344
0.159100	0.178758
0.159200	0.178758
0.159300	0.139034
0.159400	0.158896
0.159500	0.158896
0.159600	0.119172
0.159700	0.158896
0.159800	0.119172
0.159900	0.139034
0.160000	0.099310
0.160100	0.059586
0.160200	0.139034
0.160300	0.198620
0.160400	0.198620
0.160500	-0.019862
0.160600	0.019862
0.160700	0.039724
0.160800	0.000000
0.160900	0.139034
0.161000	0.039724
0.161100	0.039724
0.161200	-0.079448
0.161300	0.000000
0.161400	0.019862
0.161500	0.019862
0.161600	0.039724
0.161700	-0.099310
0.161800	-0.139034
0.161900	-0.158896
0.162000	0.119172
0.162100	0.178758
0.162200	-0.059586
0.162300	-0.019862
0.162400	0.119172
0.162500	0.039724
0.162600	0.039724
0.162700	0.019862
0.162800	-0.079448
0.162900	-0.039724
0.163000	0.000000
0.163100	0.000000
0.163200	0.039724
0.163300	0.059586
0.163400	0.039724
0.163500	0.059586
0.163600	0.099310
0.163700	0.059586
0.163800	-0.059586
0.163900	0.079448
0.164000	-0.019862
0.164100	0.000000
0.164200	0.099310
0.164300	-0.019862
0.164400	0.039724
0.164500	0.059586
0.164600	-0.059586
0.164700	-0.039724
0.164800	0.039724
0.164900	-0.019862
0.165000	0.000000
0.165100	-0.039724
0.165200	0.099310
0.165300	0.039724
0.165400	-0.039724
0.165500	-0.019862
0.165600	-0.158896
0.165700	-0.119172
0.165800	-0.158896
0.165900	-0.158896
0.166000	-0.238344
0.166100	-0.178758
0.166200	-0.059586
0.166300	0.019862
0.166400	-0.139034
0.166500	0.019862
0.166600	0.000000
0.166700	-0.039724
0.166800	-0.039724
0.166900	-0.218482
0.167000	-0.079448
0.167100	-0.079448
0.167200	-0.079448
0.167300	-0.119172
0.167400	0.019862
0.167500	0.019862
0.167600	-0.059586
0.167700	-0.178758
0.167800	-0.119172
0.167900	-0.119172
0.168000	-0.139034
0.168100	-0.079448
0.168200	-0.059586
0.168300	0.059586
0.168400	0.099310
0.168500	-0.039724
0.168600	-0.198620
0.168700	-0.099310
0.168800	-0.059586
0.168900	0.000000
0.169000	-0.039724
0.169100	0.000000
0.169200	-0.039724
0.169300	-0.139034
0.169400	-0.238344
0.169500	0.000000
0.169600	0.258206
0.169700	-0.019862
0.169800	-0.218482
0.169900	-0.158896
0.170000	-0.059586
0.170100	-0.019862
0.170200	-0.019862
0.170300	-0.158896
0.170400	-0.039724
0.170500	0.039724
0.170600	-0.178758
0.170700	-0.297930
0.170800	-0.119172
0.170900	0.019862
0.171000	-0.079448
0.171100	-0.059586
0.171200	-0.039724
0.171300	-0.139034
0.171400	-0.099310
0.171500	-0.119172
0.171600	-0.119172
0.171700	-0.139034
0.171800	-0.079448
0.171900	-0.039724
0.172000	-0.079448
0.172100	-0.139034
0.172200	-0.119172
0.172300	-0.178758
0.172400	-0.158896
0.172500	-0.178758
0.172600	-0.139034
0.172700	-0.059586
0.172800	-0.099310
0.172900	-0.099310
0.173000	-0.178758
0.173100	-0.139034
0.173200	-0.099310
0.173300	-0.158896
0.173400	-0.178758
0.173500	-0.178758
0.173600	-0.158896
0.173700	-0.079448
0.173800	-0.039724
0.173900	-0.158896
0.174000	-0.139034
0.174100	-0.019862
0.174200	-0.158896
0.174300	-0.258206
0.174400	-0.238344
0.174500	-0.218482
0.174600	-0.119172
0.174700	-0.099310
0.174800	-0.198620
0.174900	-0.258206
0.175000	-0.158896
0.175100	-0.218482
0.175200	-0.059586
0.175300	-0.158896
0.175400	-0.178758
0.175500	-0.178758
0.175600	-0.059586
0.175700	-0.099310
0.175800	-0.278068
0.175900	-0.278068
0.176000	-0.158896
0.176100	-0.119172
0.176200	-0.178758
0.176300	-0.238344
0.176400	-0.178758
0.176500	-0.139034
0.176600	-0.119172
0.176700	-0.139034
0.176800	-0.178758
0.176900	-0.119172
0.177000	-0.119172
0.177100	-0.218482
0.177200	-0.278068
0.177300	-0.238344
0.177400	-0.278068
0.177500	-0.258206
0.177600	-0.238344
0.177700	-0.278068
0.177800	-0.278068
0.177900	-0.297930
0.178000	-0.198620
0.178100	-0.079448
0.178200	-0.079448
0.178300	-0.158896
0.178400	-0.218482
0.178500	-0.218482
0.178600	-0.099310
0.178700	-0.158896
0.178800	-0.119172
0.178900	-0.158896
0.179000	-0.158896
0.179100	-0.158896
0.179200	-0.139034
0.179300	-0.158896
0.179400	-0.139034
0.179500	-0.139034
0.179600	-0.059586
0.179700	-0.218482
0.179800	-0.158896
0.179900	-0.158896
0.180000	-0.198620
0.180100	-0.178758
0.180200	-0.436964
0.180300	-0.278068
0.180400	-0.019862
0.180500	-0.139034
0.180600	-0.297930
0.180700	-0.178758
0.180800	-0.238344
0.180900	-0.278068
0.181000	-0.575998
0.181100	-0.734894
0.181200	-0.178758
0.181300	0.198620
0.181400	-0.178758
0.181500	-0.417102
0.181600	-0.297930
0.181700	-0.218482
0.181800	-0.337654
0.181900	-0.198620
0.182000	-0.198620
0.182100	-0.218482
0.182200	-0.139034
0.182300	-0.278068
0.182400	-0.198620
0.182500	-0.119172
0.182600	-0.079448
0.182700	-0.099310
0.182800	-0.119172
0.182900	-0.178758
0.183000	-0.218482
0.183100	-0.238344
0.183200	-0.238344
0.183300	-0.079448
0.183400	-0.079448
0.183500	-0.119172
0.183600	-0.099310
0.183700	-0.139034
0.183800	0.039724
0.183900	0.377378
0.184000	0.297930
0.184100	-0.258206
0.184200	-0.317792
0.184300	-0.019862
0.184400	-0.238344
0.184500	-0.397240
0.184600	-0.337654
0.184700	-0.278068
0.184800	-0.278068
0.184900	-0.258206
0.185000	-0.178758
0.185100	-0.258206
0.185200	-0.357516
0.185300	-0.575998
0.185400	-0.397240
0.185500	-0.258206
0.185600	-0.198620
0.185700	-0.278068
0.185800	-0.297930
0.185900	-0.337654
0.186000	-0.456826
0.186100	-0.357516
0.186200	-0.317792
0.186300	-0.337654
0.186400	-0.337654
0.186500	-0.278068
0.186600	-0.297930
0.186700	-0.357516
0.186800	-0.357516
0.186900	-0.198620
0.187000	-0.119172
0.187100	-0.099310
0.187200	-0.139034
0.187300	-0.079448
0.187400	-0.099310
0.187500	-0.059586
0.187600	-0.039724
0.187700	-0.059586
0.187800	-0.039724
0.187900	-0.019862
0.188000	-0.059586
0.188100	-0.039724
0.188200	0.039724
0.188300	0.039724
0.188400	0.019862
0.188500	0.059586
0.188600	-0.019862
0.188700	-0.019862
0.188800	0.079448
0.188900	0.099310
0.189000	0.000000
0.189100	0.039724
0.189200	0.019862
0.189300	-0.019862
0.189400	0.059586
0.189500	0.119172
0.189600	0.079448
0.189700	0.059586
0.189800	0.119172
0.189900	-0.019862
0.190000	-0.039724
0.190100	0.000000
0.190200	0.019862
0.190300	0.079448
0.190400	0.158896
0.190500	0.139034
0.190600	0.079448
0.190700	0.000000
0.190800	0.000000
0.190900	-0.039724
0.191000	-0.019862
0.191100	0.000000
0.191200	0.019862
0.191300	0.158896
0.191400	0.039724
0.191500	0.139034
0.191600	0.119172
0.191700	-0.019862
0.191800	0.079448
0.191900	0.119172
0.192000	0.079448
0.192100	0.039724
0.192200	0.119172
0.192300	0.119172
0.192400	0.158896
0.192500	0.139034
0.192600	0.019862
0.192700	0.178758
0.192800	0.198620
0.192900	0.099310
0.193000	0.039724
0.193100	0.079448
0.193200	0.039724
0.193300	-0.039724
0.193400	-0.079448
0.193500	0.000000
0.193600	0.000000
0.193700	-0.039724
0.193800	0.019862
0.193900	0.019862
0.194000	0.019862
0.194100	0.158896
0.194200	0.119172
0.194300	0.059586
0.194400	0.139034
0.194500	0.119172
0.194600	0.198620
0.194700	0.158896
0.194800	0.079448
0.194900	0.139034
0.195000	0.099310
0.195100	0.158896
0.195200	0.178758
0.195300	0.158896
0.195400	0.198620
0.195500	0.079448
0.195600	0.059586
0.195700	0.019862
0.195800	0.079448
0.195900	0.099310
0.196000	0.119172
0.196100	0.079448
0.196200	0.039724
0.196300	0.198620
0.196400	0.178758
0.196500	0.178758
0.196600	0.218482
0.196700	0.119172
0.196800	0.059586
0.196900	0.039724
0.197000	0.218482
0.197100	0.139034
0.197200	0.178758
0.197300	0.059586
0.197400	0.139034
0.197500	0.198620
0.197600	0.039724
0.197700	0.019862
0.197800	0.119172
0.197900	0.178758
0.198000	0.139034
0.198100	0.059586
0.198200	0.139034
0.198300	0.139034
0.198400	0.119172
0.198500	0.119172
0.198600	0.079448
0.198700	0.139034
0.198800	0.019862
0.198900	0.079448
0.199000	0.099310
0.199100	0.059586
0.199200	0.000000
0.199300	0.019862
0.199400	0.079448
0.199500	0.099310
0.199600	0.079448
0.199700	0.000000
0.199800	0.139034
0.199900	0.099310
0.200000	-0.019862
0.200100	0.019862
0.200200	0.059586
0.200300	0.059586
0.200400	0.039724
0.200500	0.099310
0.200600	0.039724
0.200700	0.079448
0.200800	0.198620
0.200900	0.079448
0.201000	0.119172
0.201100	0.139034
0.201200	0.079448
0.201300	-0.019862
0.201400	0.039724
0.201500	0.019862
0.201600	0.158896
0.201700	0.158896
0.201800	0.019862
0.201900	0.119172
0.202000	0.139034
0.202100	0.019862
0.202200	0.099310
0.202300	0.099310
0.202400	0.158896
0.202500	0.238344
0.202600	0.139034
0.202700	0.099310
0.202800	-0.019862
0.202900	0.119172
0.203000	0.099310
0.203100	0.039724
0.203200	0.059586
0.203300	0.119172
0.203400	0.079448
0.203500	-0.019862
0.203600	0.059586
0.203700	0.039724
0.203800	0.039724
0.203900	-0.039724
0.204000	-0.059586
0.204100	-0.019862
0.204200	-0.019862
0.204300	0.039724
0.204400	0.039724
0.204500	-0.019862
0.204600	0.000000
0.204700	-0.019862
0.204800	0.000000
0.204900	-0.079448
0.205000	0.019862
0.205100	0.039724
0.205200	0.079448
0.205300	0.059586
0.205400	0.000000
0.205500	0.019862
0.205600	0.019862
0.205700	-0.019862
0.205800	-0.019862
0.205900	-0.039724
0.206000	-0.019862
0.206100	0.019862
0.206200	0.019862
0.206300	-0.039724
0.206400	-0.079448
0.206500	-0.079448
0.206600	0.099310
0.206700	0.059586
0.206800	-0.079448
0.206900	0.019862
0.207000	-0.039724
0.207100	-0.019862
0.207200	-0.039724
0.207300	-0.019862
0.207400	-0.039724
0.207500	-0.019862
0.207600	-0.099310
0.207700	-0.079448
0.207800	-0.079448
0.207900	0.019862
0.208000	-0.039724
0.208100	-0.139034
0.208200	-0.059586
0.208300	0.039724
0.208400	0.019862
0.208500	-0.119172
0.208600	-0.079448
0.208700	-0.039724
0.208800	-0.039724
0.208900	-0.079448
0.209000	-0.119172
0.209100	-0.059586
0.209200	-0.059586
0.209300	0.019862
0.209400	-0.039724
0.209500	0.000000
0.209600	-0.079448
0.209700	-0.019862
0.209800	-0.079448
0.209900	0.019862
0.210000	-0.039724
0.210100	-0.099310
0.210200	-0.019862
0.210300	-0.019862
0.210400	-0.039724
0.210500	-0.019862
0.210600	0.000000
0.210700	0.059586
0.210800	-0.039724
0.210900	-0.019862
0.211000	-0.039724
0.211100	0.019862
0.211200	-0.019862
0.211300	-0.139034
0.211400	-0.039724
0.211500	-0.039724
0.211600	0.019862
0.211700	-0.119172
0.211800	-0.059586
0.211900	0.000000
0.212000	0.000000
0.212100	-0.019862
0.212200	0.000000
0.212300	-0.059586
0.212400	-0.039724
0.212500	-0.059586
0.212600	0.039724
0.212700	-0.039724
0.212800	0.019862
0.212900	0.039724
0.213000	0.039724
0.213100	-0.039724
0.213200	-0.079448
0.213300	-0.059586
0.213400	0.019862
0.213500	0.000000
0.213600	0.079448
0.213700	0.059586
0.213800	0.019862
0.213900	0.019862
0.214000	-0.039724
0.214100	-0.019862
0.214200	0.000000
0.214300	0.000000
0.214400	-0.019862
0.214500	0.099310
0.214600	0.059586
0.214700	0.039724
0.214800	0.000000
0.214900	0.059586
0.215000	0.059586
0.215100	0.099310
0.215200	0.119172
0.215300	0.158896
0.215400	0.178758
0.215500	0.079448
0.215600	0.000000
0.215700	0.059586
0.215800	0.079448
0.215900	0.000000
0.216000	0.059586
0.216100	0.059586
0.216200	0.000000
0.216300	0.059586
0.216400	0.039724
0.216500	0.099310
0.216600	0.019862
0.216700	0.099310
0.216800	0.099310
0.216900	-0.019862
0.217000	0.139034
0.217100	0.039724
0.217200	0.059586
0.217300	0.119172
0.217400	-0.019862
0.217500	0.059586
0.217600	0.099310
0.217700	0.119172
0.217800	0.139034
0.217900	0.158896
0.218000	0.198620
0.218100	0.198620
0.218200	0.198620
0.218300	0.099310
0.218400	0.079448
0.218500	0.119172
0.218600	0.119172
0.218700	0.079448
0.218800	0.139034
0.218900	0.218482
0.219000	0.238344
0.219100	0.238344
0.219200	0.238344
0.219300	0.178758
0.219400	0.119172
0.219500	0.139034
0.219600	0.039724
0.219700	0.139034
0.219800	0.099310
0.219900	0.099310
0.220000	0.178758
0.220100	0.139034
0.220200	0.198620
0.220300	0.119172
0.220400	0.119172
0.220500	0.119172
0.220600	0.158896
0.220700	0.198620
0.220800	0.178758
0.220900	0.059586
0.221000	0.119172
0.221100	0.059586
0.221200	0.198620
0.221300	0.139034
0.221400	0.099310
0.221500	0.099310
0.221600	0.278068
0.221700	0.278068
0.221800	0.198620
0.221900	0.278068
0.222000	0.139034
0.222100	0.139034
0.222200	0.238344
0.222300	0.158896
0.222400	0.218482
0.222500	0.119172
0.222600	0.178758
0.222700	0.198620
0.222800	0.258206
0.222900	0.238344
0.223000	0.198620
0.223100	0.198620
0.223200	0.119172
0.223300	0.099310
0.223400	-0.059586
0.223500	0.019862
0.223600	0.119172
0.223700	0.158896
0.223800	0.158896
0.223900	0.357516
0.224000	0.218482
0.224100	0.079448
0.224200	0.198620
0.224300	0.158896
0.224400	0.198620
0.224500	0.258206
0.224600	0.158896
0.224700	0.079448
0.224800	0.119172
0.224900	0.099310
0.225000	0.039724
0.225100	0.178758
0.225200	0.297930
0.225300	0.198620
0.225400	0.258206
0.225500	0.158896
0.225600	0.119172
0.225700	0.119172
0.225800	0.178758
0.225900	0.158896
0.226000	0.158896
0.226100	0.079448
0.226200	-0.019862
0.226300	0.059586
0.226400	0.158896
0.226500	0.099310
0.226600	0.158896
0.226700	0.218482
0.226800	0.099310
0.226900	0.099310
0.227000	0.000000
0.227100	0.059586
0.227200	0.059586
0.227300	0.119172
0.227400	0.198620
0.227500	0.238344
0.227600	0.198620
0.227700	0.119172
0.227800	0.258206
0.227900	0.198620
0.228000	0.139034
0.228100	0.039724
0.228200	0.158896
0.228300	0.158896
0.228400	0.158896
0.228500	0.119172
0.228600	0.158896
0.228700	0.139034
0.228800	0.079448
0.228900	0.119172
0.229000	0.158896
0.229100	0.139034
0.229200	0.158896
0.229300	0.119172
0.229400	0.119172
0.229500	0.198620
0.229600	0.218482
0.229700	0.139034
0.229800	0.039724
0.229900	0.139034
0.230000	0.000000
0.230100	0.059586
0.230200	0.019862
0.230300	0.099310
0.230400	0.198620
0.230500	0.139034
0.230600	0.059586
0.230700	0.139034
0.230800	0.099310
0.230900	0.099310
0.231000	0.059586
0.231100	0.079448
0.231200	0.079448
0.231300	0.158896
0.231400	0.079448
0.231500	0.139034
0.231600	0.039724
0.231700	0.059586
0.231800	0.039724
0.231900	0.079448
0.232000	0.079448
0.232100	-0.019862
0.232200	0.000000
0.232300	0.059586
0.232400	0.099310
0.232500	0.158896
0.232600	0.079448
0.232700	0.139034
0.232800	0.158896
0.232900	0.099310
0.233000	0.079448
0.233100	0.000000
0.233200	0.039724
0.233300	0.079448
0.233400	0.158896
0.233500	0.119172
0.233600	0.059586
0.233700	0.059586
0.233800	0.039724
0.233900	0.099310
0.234000	0.079448
0.234100	0.139034
0.234200	0.178758
0.234300	0.158896
0.234400	0.039724
0.234500	0.019862
0.234600	0.079448
0.234700	0.079448
0.234800	0.039724
0.234900	0.000000
0.235000	0.039724
0.235100	0.079448
0.235200	0.119172
0.235300	-0.039724
0.235400	0.000000
0.235500	0.039724
0.235600	0.158896
0.235700	0.099310
0.235800	-0.019862
0.235900	0.059586
0.236000	0.099310
0.236100	0.079448
0.236200	0.019862
0.236300	0.059586
0.236400	0.039724
0.236500	-0.039724
0.236600	0.039724
0.236700	0.119172
0.236800	0.099310
0.236900	0.079448
0.237000	0.099310
0.237100	0.059586
0.237200	0.039724
0.237300	0.119172
0.237400	0.039724
0.237500	0.059586
0.237600	-0.059586
0.237700	0.059586
0.237800	0.000000
0.237900	0.039724
0.238000	0.000000
0.238100	0.119172
0.238200	0.039724
0.238300	0.000000
0.238400	0.000000
0.238500	0.139034
0.238600	0.079448
0.238700	0.158896
0.238800	0.158896
0.238900	0.059586
0.239000	0.079448
0.239100	0.019862
0.239200	0.139034
0.239300	0.039724
0.239400	0.079448
0.239500	0.099310
0.239600	0.158896
0.239700	0.119172
0.239800	0.079448
0.239900	0.139034
0.240000	0.198620
0.240100	0.119172
0.240200	0.019862
0.240300	0.039724
0.240400	0.039724
0.240500	0.158896
0.240600	0.158896
0.240700	0.079448
0.240800	0.039724
0.240900	0.000000
0.241000	0.019862
0.241100	0.000000
0.241200	-0.039724
0.241300	0.119172
0.241400	0.039724
0.241500	-0.039724
0.241600	0.039724
0.241700	0.059586
0.241800	0.019862
0.241900	-0.059586
0.242000	-0.019862
0.242100	0.039724
0.242200	-0.059586
0.242300	-0.019862
0.242400	0.079448
0.242500	-0.039724
0.242600	0.039724
0.242700	-0.099310
0.242800	-0.099310
0.242900	-0.059586
0.243000	-0.039724
0.243100	0.019862
0.243200	0.019862
0.243300	0.099310
0.243400	0.059586
0.243500	0.139034
0.243600	0.059586
0.243700	0.039724
0.243800	-0.019862
0.243900	0.019862
0.244000	-0.019862
0.244100	0.079448
0.244200	0.158896
0.244300	0.059586
0.244400	0.059586
0.244500	0.000000
0.244600	0.039724
0.244700	-0.019862
0.244800	0.019862
0.244900	-0.039724
0.245000	-0.019862
0.245100	0.079448
0.245200	0.039724
0.245300	-0.059586
0.245400	0.000000
0.245500	-0.019862
0.245600	0.039724
0.245700	-0.019862
0.245800	-0.019862
0.245900	-0.039724
0.246000	0.000000
0.246100	0.079448
0.246200	0.019862
0.246300	0.039724
0.246400	0.039724
0.246500	0.059586
0.246600	-0.039724
0.246700	0.039724
0.246800	-0.059586
0.246900	-0.039724
0.247000	-0.019862
0.247100	0.039724
0.247200	0.059586
0.247300	0.019862
0.247400	0.099310
0.247500	-0.039724
0.247600	0.019862
0.247700	0.039724
0.247800	0.039724
0.247900	0.000000
0.248000	0.019862
0.248100	-0.039724
0.248200	0.059586
0.248300	0.000000
0.248400	-0.019862
0.248500	-0.039724
0.248600	-0.019862
0.248700	-0.059586
0.248800	-0.059586
0.248900	-0.059586
0.249000	-0.019862
0.249100	0.059586
0.249200	-0.039724
0.249300	-0.099310
0.249400	0.019862
0.249500	-0.059586
0.249600	-0.039724
0.249700	-0.099310
0.249800	-0.039724
0.249900	-0.039724
0.250000	-0.039724
0.250100	-0.079448
0.250200	0.000000
0.250300	0.019862
0.250400	-0.039724
0.250500	-0.099310
0.250600	-0.059586
0.250700	-0.059586
0.250800	-0.039724
0.250900	-0.019862
0.251000	-0.039724
0.251100	0.000000
0.251200	-0.039724
0.251300	-0.158896
0.251400	-0.059586
0.251500	-0.079448
0.251600	-0.059586
0.251700	0.000000
0.251800	-0.079448
0.251900	-0.099310
0.252000	-0.059586
0.252100	-0.059586
0.252200	-0.059586
0.252300	-0.039724
0.252400	0.000000
0.252500	-0.059586
0.252600	-0.039724
0.252700	-0.059586
0.252800	-0.039724
0.252900	-0.139034
0.253000	-0.079448
0.253100	-0.079448
0.253200	-0.059586
0.253300	0.000000
0.253400	-0.059586
0.253500	-0.059586
0.253600	-0.158896
0.253700	-0.019862
0.253800	-0.079448
0.253900	-0.119172
0.254000	-0.119172
0.254100	-0.178758
0.254200	-0.099310
0.254300	-0.099310
0.254400	-0.099310
0.254500	-0.099310
0.254600	-0.178758
0.254700	-0.158896
0.254800	-0.158896
0.254900	-0.119172
0.255000	-0.178758
0.255100	-0.099310
0.255200	-0.099310
0.255300	-0.119172
0.255400	-0.178758
0.255500	-0.198620
0.255600	-0.119172
0.255700	-0.139034
0.255800	-0.198620
0.255900	-0.158896
0.256000	-0.178758
0.256100	-0.337654
0.256200	-0.218482
0.256300	-0.238344
0.256400	-0.238344
0.256500	-0.258206
0.256600	-0.198620
0.256700	-0.278068
0.256800	-0.198620
0.256900	-0.178758
0.257000	-0.139034
0.257100	-0.119172
0.257200	-0.178758
0.257300	-0.158896
0.257400	-0.139034
0.257500	-0.079448
0.257600	-0.158896
0.257700	-0.099310
0.257800	-0.059586
0.257900	-0.059586
0.258000	-0.079448
0.258100	-0.059586
0.258200	-0.019862
0.258300	0.000000
0.258400	0.039724
0.258500	0.000000
0.258600	0.039724
0.258700	0.059586
0.258800	0.079448
0.258900	0.119172
0.259000	0.158896
0.259100	0.158896
0.259200	0.139034
0.259300	0.178758
0.259400	0.178758
0.259500	0.139034
0.259600	0.218482
0.259700	0.119172
0.259800	0.198620
0.259900	0.158896
0.260000	0.218482
0.260100	0.218482
0.260200	0.139034
0.260300	0.119172
0.260400	0.079448
0.260500	0.158896
0.260600	0.158896
0.260700	0.119172
0.260800	0.158896
0.260900	0.198620
0.261000	0.079448
0.261100	0.079448
0.261200	0.079448
0.261300	0.039724
0.261400	0.039724
0.261500	0.079448
0.261600	0.039724
0.261700	-0.039724
0.261800	-0.019862
0.261900	-0.059586
0.262000	-0.079448
0.262100	-0.099310
0.262200	-0.158896
0.262300	-0.119172
0.262400	-0.119172
0.262500	-0.158896
0.262600	-0.139034
0.262700	-0.139034
0.262800	-0.198620
0.262900	-0.198620
0.263000	-0.178758
0.263100	-0.198620
0.263200	-0.139034
0.263300	-0.278068
0.263400	-0.258206
0.263500	-0.178758
0.263600	-0.258206
0.263700	-0.238344
0.263800	-0.357516
0.263900	-0.278068
0.264000	-0.297930
0.264100	-0.297930
0.264200	-0.317792
0.264300	-0.317792
0.264400	-0.297930
0.264500	-0.258206
0.264600	-0.337654
0.264700	-0.278068
0.264800	-0.119172
0.264900	-0.278068
0.265000	-0.198620
0.265100	-0.119172
0.265200	-0.099310
0.265300	-0.079448
0.265400	-0.039724
0.265500	-0.119172
0.265600	-0.119172
0.265700	-0.039724
0.265800	-0.019862
0.265900	-0.059586
0.266000	0.059586
0.266100	0.019862
0.266200	-0.019862
0.266300	0.119172
0.266400	0.039724
0.266500	0.059586
0.266600	0.119172
0.266700	0.139034
0.266800	0.198620
0.266900	0.258206
0.267000	0.258206
0.267100	0.297930
0.267200	0.238344
0.267300	0.297930
0.267400	0.337654
0.267500	0.297930
0.267600	0.357516
0.267700	0.297930
0.267800	0.357516
0.267900	0.278068
0.268000	0.297930
0.268100	0.317792
0.268200	0.397240
0.268300	0.456826
0.268400	0.397240
0.268500	0.397240
0.268600	0.397240
0.268700	0.436964
0.268800	0.377378
0.268900	0.397240
0.269000	0.417102
0.269100	0.456826
0.269200	0.258206
0.269300	0.297930
0.269400	0.357516
0.269500	0.436964
0.269600	0.357516
0.269700	0.377378
0.269800	0.337654
0.269900	0.258206
0.270000	0.317792
0.270100	0.238344
0.270200	0.297930
0.270300	0.218482
0.270400	0.258206
0.270500	0.218482
0.270600	0.178758
0.270700	0.158896
0.270800	0.158896
0.270900	0.198620
0.271000	0.158896
0.271100	0.099310
0.271200	0.119172
0.271300	0.079448
0.271400	0.139034
0.271500	0.119172
0.271600	0.079448
0.271700	0.059586
0.271800	0.000000
0.271900	0.059586
0.272000	0.019862
0.272100	0.000000
0.272200	0.019862
0.272300	-0.019862
0.272400	-0.039724
0.272500	-0.119172
0.272600	-0.079448
0.272700	-0.139034
0.272800	-0.119172
0.272900	-0.198620
0.273000	-0.198620
0.273100	-0.079448
0.273200	-0.178758
0.273300	-0.119172
0.273400	-0.218482
0.273500	-0.357516
0.273600	-0.297930
0.273700	-0.337654
0.273800	-0.258206
0.273900	-0.278068
0.274000	-0.297930
0.274100	-0.417102
0.274200	-0.397240
0.274300	-0.337654
0.274400	-0.417102
0.274500	-0.436964
0.274600	-0.337654
0.274700	-0.456826
0.274800	-0.556136
0.274900	-0.476688
0.275000	-0.476688
0.275100	-0.476688
0.275200	-0.496550
0.275300	-0.496550
0.275400	-0.436964
0.275500	-0.476688
0.275600	-0.595860
0.275700	-0.536274
0.275800	-0.635584
0.275900	-0.595860
0.276000	-0.556136
0.276100	-0.556136
0.276200	-0.635584
0.276300	-0.655446
0.276400	-0.595860
0.276500	-0.655446
0.276600	-0.536274
0.276700	-0.595860
0.276800	-0.655446
0.276900	-0.715032
0.277000	-0.675308
0.277100	-0.675308
0.277200	-0.695170
0.277300	-0.655446
0.277400	-0.715032
0.277500	-0.675308
0.277600	-0.715032
0.277700	-0.715032
0.277800	-0.814342
0.277900	-0.754756
0.278000	-0.774618
0.278100	-0.794480
0.278200	-0.814342
0.278300	-0.834204
0.278400	-0.854066
0.278500	-0.834204
0.278600	-0.794480
0.278700	-0.754756
0.278800	-0.734894
0.278900	-0.774618
0.279000	-0.734894
0.279100	-0.675308
0.279200	-0.734894
0.279300	-0.873928
0.279400	-0.655446
0.279500	-0.556136
0.279600	-1.052690
0.279700	-1.032820
0.279800	-0.258206
0.279900	-0.357516
0.280000	-1.310890
0.280100	-0.893790
0.280200	-0.417102
0.280300	-0.893790
0.280400	-0.834204
0.280500	-0.496550
0.280600	-0.893790
0.280700	-0.893790
0.280800	-0.595860
0.280900	-0.695170
0.281000	-0.873928
0.281100	-0.715032
0.281200	-0.675308
0.281300	-0.734894
0.281400	-0.774618
0.281500	-0.595860
0.281600	-0.695170
0.281700	-0.695170
0.281800	-0.675308
0.281900	-0.655446
0.282000	-0.675308
0.282100	-0.715032
0.282200	-0.556136
0.282300	-0.615722
0.282400	-0.615722
0.282500	-0.635584
0.282600	-0.695170
0.282700	-0.695170
0.282800	-0.575998
0.282900	-0.536274
0.283000	-0.595860
0.283100	-0.536274
0.283200	-0.456826
0.283300	-0.476688
0.283400	-0.496550
0.283500	-0.516412
0.283600	-0.476688
0.283700	-0.556136
0.283800	-0.496550
0.283900	-0.496550
0.284000	-0.436964
0.284100	-0.476688
0.284200	-0.436964
0.284300	-0.476688
0.284400	-0.436964
0.284500	-0.397240
0.284600	-0.397240
0.284700	-0.436964
0.284800	-0.456826
0.284900	-0.417102
0.285000	-0.357516
0.285100	-0.357516
0.285200	-0.397240
0.285300	-0.357516
0.285400	-0.278068
0.285500	-0.278068
0.285600	-0.337654
0.285700	-0.357516
0.285800	-0.397240
0.285900	-0.357516
0.286000	-0.377378
0.286100	-0.397240
0.286200	-0.377378
0.286300	-0.417102
0.286400	-0.397240
0.286500	-0.397240
0.286600	-0.397240
0.286700	-0.417102
0.286800	-0.278068
0.286900	-0.198620
0.287000	-0.297930
0.287100	-0.337654
0.287200	-0.337654
0.287300	-0.357516
0.287400	-0.258206
0.287500	-0.377378
0.287600	-0.337654
0.287700	-0.337654
0.287800	-0.377378
0.287900	-0.476688
0.288000	-0.436964
0.288100	-0.397240
0.288200	-0.317792
0.288300	-0.337654
0.288400	-0.397240
0.288500	-0.456826
0.288600	-0.417102
0.288700	-0.397240
0.288800	-0.297930
0.288900	-0.337654
0.289000	-0.357516
0.289100	-0.297930
0.289200	-0.238344
0.289300	-0.218482
0.289400	-0.317792
0.289500	-0.218482
0.289600	-0.317792
0.289700	-0.397240
0.289800	-0.357516
0.289900	-0.258206
0.290000	-0.297930
0.290100	-0.337654
0.290200	-0.218482
0.290300	-0.278068
0.290400	-0.357516
0.290500	-0.337654
0.290600	-0.278068
0.290700	-0.417102
0.290800	-0.377378
0.290900	-0.377378
0.291000	-0.377378
0.291100	-0.377378
0.291200	-0.278068
0.291300	-0.317792
0.291400	-0.357516
0.291500	-0.417102
0.291600	-0.337654
0.291700	-0.397240
0.291800	-0.357516
0.291900	-0.476688
0.292000	-0.357516
0.292100	-0.397240
0.292200	-0.397240
0.292300	-0.377378
0.292400	-0.397240
0.292500	-0.436964
0.292600	-0.397240
0.292700	-0.417102
0.292800	-0.536274
0.292900	-0.516412
0.293000	-0.476688
0.293100	-0.417102
0.293200	-0.456826
0.293300	-0.456826
0.293400	-0.516412
0.293500	-0.496550
0.293600	-0.476688
0.293700	-0.536274
0.293800	-0.556136
0.293900	-0.575998
0.294000	-0.615722
0.294100	-0.556136
0.294200	-0.556136
0.294300	-0.575998
0.294400	-0.595860
0.294500	-0.536274
0.294600	-0.556136
0.294700	-0.595860
0.294800	-0.675308
0.294900	-0.575998
0.295000	-0.655446
0.295100	-0.695170
0.295200	-0.655446
0.295300	-0.615722
0.295400	-0.754756
0.295500	-0.695170
0.295600	-0.655446
0.295700	-0.635584
0.295800	-0.635584
0.295900	-0.794480
0.296000	-0.734894
0.296100	-0.715032
0.296200	-0.754756
0.296300	-0.794480
0.296400	-0.754756
0.296500	-0.834204
0.296600	-0.834204
0.296700	-0.814342
0.296800	-0.794480
0.296900	-0.794480
0.297000	-0.794480
0.297100	-0.854066
0.297200	-0.854066
0.297300	-0.834204
0.297400	-0.873928
0.297500	-0.754756
0.297600	-0.873928
0.297700	-0.913652
0.297800	-0.814342
0.297900	-0.715032
0.298000	-0.734894
0.298100	-0.794480
0.298200	-0.834204
0.298300	-0.814342
0.298400	-0.814342
0.298500	-0.794480
0.298600	-0.734894
0.298700	-0.814342
0.298800	-0.834204
0.298900	-0.814342
0.299000	-0.754756
0.299100	-0.754756
0.299200	-0.834204
0.299300	-0.893790
0.299400	-0.794480
0.299500	-0.774618
0.299600	-0.794480
0.299700	-0.873928
0.299800	-0.814342
0.299900	-0.774618
